user_id,product_id,category,action,timestamp
188,Leather Belt,Accessories,click,2026-03-20 18:23:52
457,Queen Bed,Furniture,view,2026-03-20 18:34:54
119,Cloud 5,Shoes,view,2026-03-20 18:35:26
441,Blender,Kitchenware,add_to_cart,2026-03-20 18:38:46
168,Razer Blade 15,Computer,view,2026-03-20 18:57:03
401,Submariner,Watches,add_to_cart,2026-03-20 19:01:37
322,Air Max 270,Shoes,view,2026-03-20 19:19:34
72,Cotton Beanie,Accessories,click,2026-03-20 19:19:54
45,1984,Books,click,2026-03-20 19:25:14
327,Ultraboost 22,Shoes,view,2026-03-20 19:29:24
107,Tracksuit,Sportswear,view,2026-03-20 19:40:20
152,Clyde All-Pro,Shoes,view,2026-03-20 19:51:11
299,Galaxy S24 Ultra,Mobile,add_to_cart,2026-03-20 19:51:41
142,Cast Iron Skillet,Kitchenware,view,2026-03-20 20:24:48
273,Yoga Pants,Sportswear,click,2026-03-20 20:38:37
440,Sheet Mask,Cosmetics,view,2026-03-20 20:41:40
118,ROG Zephyrus G14,Computer,view,2026-03-20 20:49:00
358,The Great Gatsby,Books,add_to_cart,2026-03-20 20:58:00
174,Tracksuit,Sportswear,view,2026-03-20 21:08:05
279,Redmi Note 13,Mobile,view,2026-03-20 21:38:36
206,Perfume No.5,Cosmetics,click,2026-03-20 21:39:36
216,Stand Mixer,Kitchenware,view,2026-03-20 21:41:53
337,Gym Bag,Sportswear,view,2026-03-20 21:50:22
497,Sunscreen 50+,Cosmetics,purchase,2026-03-20 21:50:31
308,Tech Backpack,Accessories,click,2026-03-20 21:54:17
156,Galaxy S24 Ultra,Mobile,click,2026-03-20 21:59:52
307,Sunscreen 50+,Cosmetics,add_to_cart,2026-03-20 22:08:28
193,Leather Wallet,Accessories,view,2026-03-20 22:16:29
152,Cloud 5,Shoes,view,2026-03-20 22:21:38
155,The Great Gatsby,Books,view,2026-03-20 22:24:09
408,Clean Code,Books,view,2026-03-20 22:24:22
483,Slim Fit Jeans,Clothes,click,2026-03-20 22:49:16
97,Air Max 270,Shoes,view,2026-03-20 22:54:40
186,Redmi Note 13,Mobile,add_to_cart,2026-03-20 22:55:52
364,Galaxy S24 Ultra,Mobile,click,2026-03-20 23:01:58
221,Tissot Le Locle,Watches,view,2026-03-20 23:08:27
124,Silk Tie,Accessories,view,2026-03-20 23:40:22
175,Matte Lipstick,Cosmetics,click,2026-03-20 23:56:02
415,Razer Blade 15,Computer,view,2026-03-21 00:25:00
447,Bookshelf,Furniture,view,2026-03-21 00:27:27
223,Oxford Shirt,Clothes,view,2026-03-21 00:45:51
268,Pixel 8 Pro,Mobile,view,2026-03-21 00:46:43
405,Harry Potter 1,Books,click,2026-03-21 00:49:30
274,Z Flip 5,Mobile,click,2026-03-21 00:55:51
335,Cloud 5,Shoes,click,2026-03-21 01:15:30
268,Cargo Pants,Clothes,click,2026-03-21 01:15:59
18,Windbreaker,Sportswear,click,2026-03-21 01:20:47
209,Naked Palette,Cosmetics,click,2026-03-21 01:37:14
442,Kettle,Kitchenware,add_to_cart,2026-03-21 01:40:35
69,Pixel 8 Pro,Mobile,click,2026-03-21 01:40:46
245,Foundation Pro,Cosmetics,view,2026-03-21 01:47:08
100,Vase,Furniture,click,2026-03-21 01:52:19
83,Pavilion 15,Computer,view,2026-03-21 02:07:19
445,Capsule Umberella,Accessories,add_to_cart,2026-03-21 02:11:47
199,Xperia 1 V,Mobile,view,2026-03-21 02:30:31
430,Razer Blade 15,Computer,view,2026-03-21 02:38:40
204,Clean Code,Books,view,2026-03-21 02:48:40
37,Seamaster,Watches,add_to_cart,2026-03-21 02:53:57
34,Gym Bag,Sportswear,view,2026-03-21 03:21:49
126,The Great Gatsby,Books,view,2026-03-21 03:52:53
22,Atomic Habits,Books,view,2026-03-21 03:53:29
355,Capsule Umberella,Accessories,view,2026-03-21 03:55:38
370,Oxford Shirt,Clothes,view,2026-03-21 04:27:21
35,Tech Backpack,Accessories,click,2026-03-21 04:28:17
292,Xperia 1 V,Mobile,view,2026-03-21 04:47:17
500,Oxford Shirt,Clothes,view,2026-03-21 04:51:37
65,MacBook Air M3,Computer,view,2026-03-21 05:12:26
440,Foundation Pro,Cosmetics,view,2026-03-21 05:20:38
359,Air Max 270,Shoes,add_to_cart,2026-03-21 05:31:19
143,Silk Tie,Accessories,click,2026-03-21 05:31:26
42,Pavilion 15,Computer,add_to_cart,2026-03-21 05:33:11
190,Ultraboost 22,Shoes,add_to_cart,2026-03-21 05:34:22
199,OnePlus 12,Mobile,view,2026-03-21 05:35:48
477,Pixel 8 Pro,Mobile,click,2026-03-21 05:41:10
87,Gym Bag,Sportswear,click,2026-03-21 05:47:34
473,Bookshelf,Furniture,view,2026-03-21 05:50:40
473,Sunscreen 50+,Cosmetics,add_to_cart,2026-03-21 06:23:17
121,Classic Leather,Shoes,add_to_cart,2026-03-21 06:32:10
42,Razer Blade 15,Computer,click,2026-03-21 06:44:29
122,Razer Blade 15,Computer,click,2026-03-21 06:45:02
391,Chuck 70,Shoes,view,2026-03-21 06:53:35
109,Cast Iron Skillet,Kitchenware,view,2026-03-21 06:58:23
333,Matte Lipstick,Cosmetics,click,2026-03-21 07:05:50
357,Galaxy S24 Ultra,Mobile,click,2026-03-21 07:09:06
338,Silver Ring,Accessories,click,2026-03-21 07:33:10
394,Cotton Beanie,Accessories,add_to_cart,2026-03-21 07:41:34
104,iPhone 15 Pro,Mobile,view,2026-03-21 07:53:19
149,Silk Tie,Accessories,click,2026-03-21 08:03:22
357,Apple Watch S9,Watches,purchase,2026-03-21 08:27:02
34,Kettle,Kitchenware,view,2026-03-21 08:32:26
405,ErgoChair,Furniture,click,2026-03-21 08:44:13
263,Denim Jacket,Clothes,click,2026-03-21 08:53:51
342,Vase,Furniture,view,2026-03-21 08:54:03
343,Classic White Tee,Clothes,click,2026-03-21 09:02:52
183,Queen Bed,Furniture,click,2026-03-21 09:08:28
224,Slim Fit Jeans,Clothes,view,2026-03-21 09:12:13
429,Xperia 1 V,Mobile,view,2026-03-21 09:17:38
407,Running Shorts,Sportswear,view,2026-03-21 09:35:03
441,Silk Tie,Accessories,view,2026-03-21 09:40:58
396,Apple Watch S9,Watches,view,2026-03-21 09:47:59
494,iPhone 15 Pro,Mobile,purchase,2026-03-21 09:54:46
98,Long Lash Mascara,Cosmetics,view,2026-03-21 10:33:07
14,ThinkPad X1 Carbon,Computer,view,2026-03-21 10:39:57
346,Cotton Beanie,Accessories,add_to_cart,2026-03-21 10:41:05
493,Slim Fit Jeans,Clothes,click,2026-03-21 10:42:03
12,Xperia 1 V,Mobile,view,2026-03-21 10:42:11
88,Windbreaker,Sportswear,view,2026-03-21 10:59:40
156,Pixel 8 Pro,Mobile,view,2026-03-21 11:08:50
99,G-Shock DW5600,Watches,view,2026-03-21 11:16:20
311,Toaster,Kitchenware,add_to_cart,2026-03-21 11:45:47
152,Clyde All-Pro,Shoes,view,2026-03-21 11:54:44
499,Queen Bed,Furniture,view,2026-03-21 12:01:47
27,Pressure Cooker,Kitchenware,click,2026-03-21 12:04:53
412,Dune,Books,click,2026-03-21 12:07:38
253,Classic White Tee,Clothes,purchase,2026-03-21 12:15:43
377,Classic White Tee,Clothes,add_to_cart,2026-03-21 12:22:23
171,Clyde All-Pro,Shoes,click,2026-03-21 12:25:23
136,Kettle,Kitchenware,view,2026-03-21 12:25:30
185,Capsule Umberella,Accessories,click,2026-03-21 12:34:24
323,Oxford Shirt,Clothes,click,2026-03-21 12:36:22
263,Denim Jacket,Clothes,click,2026-03-21 12:57:54
271,iPhone 15 Pro,Mobile,click,2026-03-21 13:02:33
432,Classic Leather,Shoes,click,2026-03-21 13:14:14
310,Queen Bed,Furniture,purchase,2026-03-21 13:20:27
1,Long Lash Mascara,Cosmetics,purchase,2026-03-21 13:22:51
219,Gym Bag,Sportswear,click,2026-03-21 13:32:49
141,Cast Iron Skillet,Kitchenware,click,2026-03-21 13:49:57
208,ErgoChair,Furniture,view,2026-03-21 13:55:32
261,G-Shock DW5600,Watches,view,2026-03-21 14:10:16
337,Sports Bra,Sportswear,view,2026-03-21 14:21:27
18,XPS 13,Computer,view,2026-03-21 14:23:24
329,F91W,Watches,view,2026-03-21 14:30:58
102,XPS 13,Computer,view,2026-03-21 14:38:10
26,Running Shorts,Sportswear,click,2026-03-21 15:00:13
476,Denim Jacket,Clothes,view,2026-03-21 15:07:56
480,Chef's Knife,Kitchenware,view,2026-03-21 15:21:16
421,Nothing Phone 2,Mobile,click,2026-03-21 15:41:05
227,Tissot Le Locle,Watches,view,2026-03-21 15:54:32
444,Compression Tights,Sportswear,click,2026-03-21 16:03:26
16,1984,Books,view,2026-03-21 16:06:02
2,Tech Backpack,Accessories,click,2026-03-21 16:13:53
396,Submariner,Watches,view,2026-03-21 16:16:39
471,Silk Scarf,Clothes,click,2026-03-21 16:18:28
409,Kettle,Kitchenware,click,2026-03-21 16:22:30
336,Yoga Pants,Sportswear,view,2026-03-21 16:35:37
500,Winter Parka,Clothes,view,2026-03-21 17:13:12
392,Silk Tie,Accessories,purchase,2026-03-21 17:39:27
427,Apple Watch S9,Watches,purchase,2026-03-21 17:40:54
175,OnePlus 12,Mobile,click,2026-03-21 18:07:30
273,Gym Bag,Sportswear,add_to_cart,2026-03-21 18:08:45
133,Air Max 270,Shoes,purchase,2026-03-21 18:25:40
154,Oxford Shirt,Clothes,click,2026-03-21 18:54:09
69,Redmi Note 13,Mobile,add_to_cart,2026-03-21 19:06:06
231,Modern Sofa,Furniture,view,2026-03-21 19:12:31
375,Cloud 5,Shoes,click,2026-03-21 19:28:25
261,G-Shock DW5600,Watches,view,2026-03-21 19:45:36
486,Blender,Kitchenware,click,2026-03-21 19:56:54
479,Winter Parka,Clothes,add_to_cart,2026-03-21 20:05:28
116,Dri-FIT Tee,Sportswear,view,2026-03-21 20:36:48
435,Cargo Pants,Clothes,view,2026-03-21 20:57:45
173,Classic White Tee,Clothes,view,2026-03-21 21:09:16
152,Clyde All-Pro,Shoes,view,2026-03-21 21:23:28
297,Sunscreen 50+,Cosmetics,view,2026-03-21 21:30:01
461,Classic White Tee,Clothes,view,2026-03-21 21:37:45
352,Cast Iron Skillet,Kitchenware,view,2026-03-21 21:38:07
426,Tank Must,Watches,click,2026-03-21 21:50:16
275,Submariner,Watches,view,2026-03-21 22:34:13
361,G-Shock DW5600,Watches,view,2026-03-21 22:37:04
351,Foundation Pro,Cosmetics,view,2026-03-21 22:37:45
233,Z Flip 5,Mobile,view,2026-03-21 22:38:45
249,Coffee Table,Furniture,view,2026-03-21 22:39:51
340,Denim Jacket,Clothes,view,2026-03-21 22:45:53
453,Capsule Umberella,Accessories,click,2026-03-21 22:48:10
283,1984,Books,click,2026-03-21 22:53:41
121,Old Skool,Shoes,view,2026-03-21 22:59:08
142,Chuck 70,Shoes,view,2026-03-21 23:02:59
214,Classic Leather,Shoes,add_to_cart,2026-03-21 23:22:04
256,Capsule Umberella,Accessories,view,2026-03-21 23:22:23
281,Sheet Mask,Cosmetics,add_to_cart,2026-03-21 23:25:52
486,Chuck 70,Shoes,add_to_cart,2026-03-21 23:26:13
448,Sunscreen 50+,Cosmetics,add_to_cart,2026-03-21 23:33:44
85,Wayfarer,Accessories,click,2026-03-21 23:53:53
335,Ultraboost 22,Shoes,purchase,2026-03-21 23:59:54
499,Desk Lamp,Furniture,click,2026-03-22 00:00:50
302,Steve Jobs,Books,view,2026-03-22 00:02:38
260,Submariner,Watches,click,2026-03-22 00:03:32
331,Harry Potter 1,Books,add_to_cart,2026-03-22 00:19:03
55,Blender,Kitchenware,view,2026-03-22 00:23:10
136,Kettle,Kitchenware,click,2026-03-22 00:37:42
148,Classic White Tee,Clothes,view,2026-03-22 01:02:54
181,Pavilion 15,Computer,view,2026-03-22 01:07:13
18,Surface Laptop 5,Computer,view,2026-03-22 01:39:43
191,Desk Lamp,Furniture,view,2026-03-22 01:54:14
328,Pixel 8 Pro,Mobile,view,2026-03-22 01:55:45
289,990v6,Shoes,click,2026-03-22 02:00:53
121,Classic Leather,Shoes,view,2026-03-22 02:07:06
415,Surface Laptop 5,Computer,view,2026-03-22 02:07:25
335,990v6,Shoes,click,2026-03-22 02:10:39
289,Silk Scarf,Clothes,click,2026-03-22 02:16:35
137,Z Flip 5,Mobile,view,2026-03-22 02:32:18
23,F91W,Watches,click,2026-03-22 02:36:00
135,Sheet Mask,Cosmetics,view,2026-03-22 02:51:04
83,MacBook Air M3,Computer,view,2026-03-22 02:52:05
33,Sports Bra,Sportswear,view,2026-03-22 02:53:29
408,Cotton Beanie,Accessories,purchase,2026-03-22 03:18:28
97,Pavilion 15,Computer,view,2026-03-22 03:38:56
3,Chef's Knife,Kitchenware,view,2026-03-22 03:39:22
379,Razer Blade 15,Computer,click,2026-03-22 03:44:43
92,Surface Laptop 5,Computer,view,2026-03-22 03:57:25
225,990v6,Shoes,view,2026-03-22 04:03:07
476,Leather Belt,Accessories,click,2026-03-22 04:08:20
451,Tank Must,Watches,view,2026-03-22 04:10:32
342,Coffee Table,Furniture,click,2026-03-22 04:21:42
243,Air Max 270,Shoes,add_to_cart,2026-03-22 04:27:55
435,Silk Scarf,Clothes,view,2026-03-22 04:41:09
253,Silk Scarf,Clothes,view,2026-03-22 04:47:02
498,Modern Sofa,Furniture,view,2026-03-22 04:56:50
203,Old Skool,Shoes,click,2026-03-22 05:08:02
304,Naked Palette,Cosmetics,purchase,2026-03-22 05:18:27
33,Tracksuit,Sportswear,click,2026-03-22 05:45:00
120,Cloud 5,Shoes,view,2026-03-22 05:49:27
459,Dining Chair,Furniture,view,2026-03-22 05:53:39
393,Air Fryer,Kitchenware,click,2026-03-22 06:02:23
80,G-Shock DW5600,Watches,view,2026-03-22 06:16:22
431,Classic Leather,Shoes,view,2026-03-22 06:19:16
69,Nothing Phone 2,Mobile,view,2026-03-22 06:28:10
284,Sapiens,Books,add_to_cart,2026-03-22 06:31:17
286,Chuck 70,Shoes,view,2026-03-22 07:07:26
189,Denim Jacket,Clothes,click,2026-03-22 07:14:05
107,Classic White Tee,Clothes,click,2026-03-22 07:16:27
405,ErgoChair,Furniture,view,2026-03-22 07:19:07
87,Chef's Knife,Kitchenware,add_to_cart,2026-03-22 07:20:10
160,OnePlus 12,Mobile,view,2026-03-22 07:25:16
462,Perfume No.5,Cosmetics,view,2026-03-22 07:35:47
233,iPhone 15 Pro,Mobile,view,2026-03-22 07:50:42
147,Silk Tie,Accessories,view,2026-03-22 08:04:23
161,Redmi Note 13,Mobile,view,2026-03-22 08:22:42
351,Vase,Furniture,view,2026-03-22 08:31:20
395,Old Skool,Shoes,add_to_cart,2026-03-22 08:38:44
39,Classic Leather,Shoes,view,2026-03-22 08:38:56
70,Dining Chair,Furniture,view,2026-03-22 08:42:42
191,Dining Chair,Furniture,view,2026-03-22 08:54:18
261,Yoga Pants,Sportswear,view,2026-03-22 09:11:43
37,Sunscreen 50+,Cosmetics,view,2026-03-22 09:12:02
482,Modern Sofa,Furniture,view,2026-03-22 09:16:31
31,Modern Sofa,Furniture,click,2026-03-22 09:23:30
180,Submariner,Watches,click,2026-03-22 09:33:19
298,Cargo Pants,Clothes,click,2026-03-22 09:49:36
248,Clean Code,Books,add_to_cart,2026-03-22 09:56:17
411,The Great Gatsby,Books,view,2026-03-22 10:12:31
272,Seamaster,Watches,view,2026-03-22 10:21:50
311,Toaster,Kitchenware,view,2026-03-22 10:45:47
395,Winter Parka,Clothes,view,2026-03-22 11:17:33
80,Naked Palette,Cosmetics,click,2026-03-22 11:28:29
134,Tracksuit,Sportswear,click,2026-03-22 11:58:30
252,Yoga Pants,Sportswear,view,2026-03-22 12:05:33
287,Blender,Kitchenware,click,2026-03-22 12:19:55
332,Surface Laptop 5,Computer,click,2026-03-22 12:33:27
432,Toaster,Kitchenware,click,2026-03-22 12:46:58
399,Apple Watch S9,Watches,click,2026-03-22 12:51:49
232,XPS 13,Computer,view,2026-03-22 12:54:58
415,MacBook Air M3,Computer,click,2026-03-22 12:57:48
15,Yoga Pants,Sportswear,add_to_cart,2026-03-22 13:04:02
9,Leather Wallet,Accessories,click,2026-03-22 13:04:10
102,Ultraboost 22,Shoes,view,2026-03-22 13:04:49
419,Old Skool,Shoes,view,2026-03-22 13:09:58
81,ErgoChair,Furniture,view,2026-03-22 13:10:55
182,Surface Laptop 5,Computer,view,2026-03-22 13:11:51
326,Seiko 5 Sport,Watches,view,2026-03-22 13:21:49
378,iPhone 15 Pro,Mobile,view,2026-03-22 13:28:44
435,Winter Parka,Clothes,add_to_cart,2026-03-22 13:33:37
484,Matte Lipstick,Cosmetics,view,2026-03-22 13:35:31
163,Silk Scarf,Clothes,view,2026-03-22 13:50:03
98,Foundation Pro,Cosmetics,add_to_cart,2026-03-22 13:51:10
179,Nothing Phone 2,Mobile,view,2026-03-22 13:59:26
337,Sapiens,Books,view,2026-03-22 14:06:12
378,The Great Gatsby,Books,click,2026-03-22 14:32:02
249,ErgoChair,Furniture,click,2026-03-22 14:33:54
70,Modern Sofa,Furniture,click,2026-03-22 14:41:41
455,ThinkPad X1 Carbon,Computer,view,2026-03-22 15:03:51
462,Tank Must,Watches,view,2026-03-22 15:08:15
149,Running Shorts,Sportswear,view,2026-03-22 15:10:55
373,Cloud 5,Shoes,view,2026-03-22 15:12:36
7,Ultraboost 22,Shoes,click,2026-03-22 15:28:04
484,XPS 13,Computer,view,2026-03-22 15:34:27
15,Windbreaker,Sportswear,view,2026-03-22 15:38:19
109,Stand Mixer,Kitchenware,view,2026-03-22 15:41:20
437,Windbreaker,Sportswear,view,2026-03-22 15:49:27
200,Windbreaker,Sportswear,add_to_cart,2026-03-22 15:50:31
18,MacBook Air M3,Computer,view,2026-03-22 16:07:38
475,Cotton Beanie,Accessories,view,2026-03-22 16:14:30
157,Cotton Beanie,Accessories,view,2026-03-22 16:14:59
231,Desk Lamp,Furniture,view,2026-03-22 16:46:42
46,Blender,Kitchenware,click,2026-03-22 16:53:56
65,Perfume No.5,Cosmetics,click,2026-03-22 16:54:38
125,Running Shorts,Sportswear,click,2026-03-22 17:01:52
451,Old Skool,Shoes,view,2026-03-22 17:19:10
389,Winter Parka,Clothes,view,2026-03-22 17:20:27
315,Running Shorts,Sportswear,add_to_cart,2026-03-22 17:38:12
134,Vivobook S,Computer,view,2026-03-22 17:54:14
313,Matte Lipstick,Cosmetics,view,2026-03-22 18:11:28
340,Oxford Shirt,Clothes,view,2026-03-22 18:18:40
266,F91W,Watches,click,2026-03-22 18:54:02
141,Slim Fit Jeans,Clothes,add_to_cart,2026-03-22 19:20:02
91,iPhone 15 Pro,Mobile,view,2026-03-22 19:28:22
122,1984,Books,click,2026-03-22 19:31:54
205,Classic Leather,Shoes,click,2026-03-22 19:32:25
409,Toaster,Kitchenware,view,2026-03-22 20:12:20
312,Chef's Knife,Kitchenware,view,2026-03-22 20:26:35
60,Vase,Furniture,view,2026-03-22 20:33:23
449,Dune,Books,view,2026-03-22 20:34:26
56,Clean Code,Books,click,2026-03-22 20:49:39
30,Vivobook S,Computer,view,2026-03-22 20:52:58
315,Bookshelf,Furniture,view,2026-03-22 20:56:44
400,ErgoChair,Furniture,view,2026-03-22 21:12:08
201,Harry Potter 1,Books,view,2026-03-22 21:14:27
148,Slim Fit Jeans,Clothes,add_to_cart,2026-03-22 21:25:57
415,ROG Zephyrus G14,Computer,view,2026-03-22 21:40:52
43,Cloud 5,Shoes,view,2026-03-22 21:47:03
251,Cotton Beanie,Accessories,click,2026-03-22 22:00:53
36,Atomic Habits,Books,view,2026-03-22 22:12:51
103,Dune,Books,add_to_cart,2026-03-22 22:18:46
363,Apple Watch S9,Watches,click,2026-03-22 22:27:15
363,Windbreaker,Sportswear,click,2026-03-22 22:41:10
248,Compression Tights,Sportswear,view,2026-03-22 22:46:14
264,Cotton Beanie,Accessories,click,2026-03-22 23:07:25
177,Perfume No.5,Cosmetics,view,2026-03-22 23:08:41
53,Razer Blade 15,Computer,click,2026-03-22 23:26:25
301,Cast Iron Skillet,Kitchenware,view,2026-03-22 23:45:48
54,F91W,Watches,click,2026-03-22 23:51:23
40,G-Shock DW5600,Watches,add_to_cart,2026-03-22 23:51:28
177,Tank Must,Watches,view,2026-03-22 23:52:38
16,Atomic Habits,Books,click,2026-03-23 00:16:05
467,Perfume No.5,Cosmetics,view,2026-03-23 00:29:57
47,Silver Ring,Accessories,add_to_cart,2026-03-23 00:41:37
52,Leather Belt,Accessories,view,2026-03-23 00:51:04
99,Denim Jacket,Clothes,view,2026-03-23 01:00:22
192,Foundation Pro,Cosmetics,add_to_cart,2026-03-23 01:08:10
276,Winter Parka,Clothes,view,2026-03-23 01:21:28
452,Cotton Beanie,Accessories,add_to_cart,2026-03-23 01:31:13
46,Surface Laptop 5,Computer,view,2026-03-23 01:31:57
495,Dri-FIT Tee,Sportswear,view,2026-03-23 01:34:20
191,Queen Bed,Furniture,add_to_cart,2026-03-23 02:03:54
310,Vase,Furniture,purchase,2026-03-23 02:23:33
197,Sapiens,Books,view,2026-03-23 02:55:35
282,Vase,Furniture,click,2026-03-23 03:00:40
359,Ultraboost 22,Shoes,add_to_cart,2026-03-23 03:08:06
282,Desk Lamp,Furniture,click,2026-03-23 03:09:56
306,Long Lash Mascara,Cosmetics,click,2026-03-23 03:14:54
87,Air Fryer,Kitchenware,view,2026-03-23 03:18:46
433,ROG Zephyrus G14,Computer,view,2026-03-23 03:56:12
16,Clean Code,Books,add_to_cart,2026-03-23 04:06:08
216,Harry Potter 1,Books,view,2026-03-23 04:17:38
241,Sheet Mask,Cosmetics,click,2026-03-23 04:19:23
31,Vivobook S,Computer,click,2026-03-23 04:22:50
381,Tissot Le Locle,Watches,view,2026-03-23 04:35:28
23,Submariner,Watches,click,2026-03-23 04:51:36
451,Seamaster,Watches,view,2026-03-23 05:02:56
284,Redmi Note 13,Mobile,view,2026-03-23 05:15:38
67,Gym Bag,Sportswear,purchase,2026-03-23 05:33:01
19,Tank Must,Watches,add_to_cart,2026-03-23 05:39:27
436,MacBook Air M3,Computer,view,2026-03-23 05:40:07
92,Razer Blade 15,Computer,view,2026-03-23 05:43:43
41,Denim Jacket,Clothes,view,2026-03-23 05:44:31
431,Leather Wallet,Accessories,view,2026-03-23 05:47:43
295,Cast Iron Skillet,Kitchenware,add_to_cart,2026-03-23 06:11:02
350,Capsule Umberella,Accessories,view,2026-03-23 06:18:54
359,Ultraboost 22,Shoes,add_to_cart,2026-03-23 06:37:06
450,Dining Chair,Furniture,view,2026-03-23 07:07:12
149,Foundation Pro,Cosmetics,view,2026-03-23 07:19:17
353,The Great Gatsby,Books,view,2026-03-23 07:19:30
399,Air Fryer,Kitchenware,click,2026-03-23 07:31:29
75,Slim Fit Jeans,Clothes,purchase,2026-03-23 07:35:03
469,Long Lash Mascara,Cosmetics,purchase,2026-03-23 07:45:09
149,Matte Lipstick,Cosmetics,view,2026-03-23 07:59:14
499,Dining Chair,Furniture,view,2026-03-23 08:22:48
473,Pavilion 15,Computer,view,2026-03-23 08:45:56
416,The Great Gatsby,Books,click,2026-03-23 08:47:39
55,Kettle,Kitchenware,view,2026-03-23 08:48:22
77,Tech Backpack,Accessories,click,2026-03-23 09:08:15
48,Naked Palette,Cosmetics,view,2026-03-23 09:14:51
194,Sheet Mask,Cosmetics,view,2026-03-23 09:54:18
184,Air Max 270,Shoes,click,2026-03-23 09:56:55
49,Xperia 1 V,Mobile,view,2026-03-23 09:59:34
67,Pixel 8 Pro,Mobile,view,2026-03-23 10:08:05
24,Hydrating Serum,Cosmetics,click,2026-03-23 10:15:58
14,Razer Blade 15,Computer,view,2026-03-23 10:20:53
458,Slim Fit Jeans,Clothes,view,2026-03-23 10:21:47
330,Seamaster,Watches,click,2026-03-23 10:27:57
290,ROG Zephyrus G14,Computer,add_to_cart,2026-03-23 10:33:10
195,Xperia 1 V,Mobile,view,2026-03-23 10:37:00
117,Yoga Pants,Sportswear,purchase,2026-03-23 10:51:47
209,Kettle,Kitchenware,click,2026-03-23 11:19:15
255,Desk Lamp,Furniture,click,2026-03-23 11:19:46
210,Clean Code,Books,view,2026-03-23 11:45:32
311,Stand Mixer,Kitchenware,click,2026-03-23 11:51:36
230,Matte Lipstick,Cosmetics,view,2026-03-23 11:56:55
24,MacBook Air M3,Computer,click,2026-03-23 11:58:31
406,Vivobook S,Computer,purchase,2026-03-23 12:01:31
438,Classic White Tee,Clothes,add_to_cart,2026-03-23 12:01:43
196,Yoga Pants,Sportswear,click,2026-03-23 12:19:16
241,Foundation Pro,Cosmetics,add_to_cart,2026-03-23 12:24:06
439,The Great Gatsby,Books,click,2026-03-23 12:39:18
486,Air Max 270,Shoes,view,2026-03-23 13:12:05
484,G-Shock DW5600,Watches,view,2026-03-23 13:33:23
54,Hoodie,Clothes,click,2026-03-23 13:38:27
234,ErgoChair,Furniture,click,2026-03-23 13:42:41
405,ErgoChair,Furniture,add_to_cart,2026-03-23 13:52:18
138,Leather Belt,Accessories,click,2026-03-23 13:55:15
357,Nothing Phone 2,Mobile,click,2026-03-23 14:13:43
412,1984,Books,view,2026-03-23 14:21:22
327,Clyde All-Pro,Shoes,view,2026-03-23 14:21:50
281,Silver Ring,Accessories,view,2026-03-23 14:26:13
279,Pixel 8 Pro,Mobile,click,2026-03-23 14:29:18
111,ThinkPad X1 Carbon,Computer,view,2026-03-23 14:37:11
196,Running Shorts,Sportswear,click,2026-03-23 14:43:57
421,Tracksuit,Sportswear,add_to_cart,2026-03-23 14:57:43
425,Cotton Beanie,Accessories,view,2026-03-23 15:05:12
242,Clean Code,Books,click,2026-03-23 15:33:26
469,Matte Lipstick,Cosmetics,add_to_cart,2026-03-23 15:39:12
10,Z Flip 5,Mobile,view,2026-03-23 15:42:11
245,Silk Tie,Accessories,view,2026-03-23 15:46:13
386,Wayfarer,Accessories,view,2026-03-23 16:09:14
289,Silver Ring,Accessories,click,2026-03-23 16:23:15
414,Classic White Tee,Clothes,view,2026-03-23 16:34:01
50,Winter Parka,Clothes,purchase,2026-03-23 16:47:27
50,Kettle,Kitchenware,add_to_cart,2026-03-23 16:47:48
15,OnePlus 12,Mobile,add_to_cart,2026-03-23 17:23:24
339,Modern Sofa,Furniture,click,2026-03-23 17:25:55
251,Leather Wallet,Accessories,add_to_cart,2026-03-23 17:31:12
216,Toaster,Kitchenware,view,2026-03-23 17:43:19
481,Old Skool,Shoes,add_to_cart,2026-03-23 17:55:52
326,Apple Watch S9,Watches,view,2026-03-23 18:05:20
261,Seamaster,Watches,view,2026-03-23 18:12:50
341,Coffee Table,Furniture,view,2026-03-23 18:27:50
288,Razer Blade 15,Computer,view,2026-03-23 18:29:09
82,Hydrating Serum,Cosmetics,view,2026-03-23 18:34:39
360,Leather Belt,Accessories,click,2026-03-23 18:42:24
496,Windbreaker,Sportswear,view,2026-03-23 18:54:28
29,Pixel 8 Pro,Mobile,purchase,2026-03-23 19:01:40
399,Kettle,Kitchenware,add_to_cart,2026-03-23 19:12:34
134,Pavilion 15,Computer,view,2026-03-23 19:16:47
466,Foundation Pro,Cosmetics,add_to_cart,2026-03-23 19:18:48
460,ROG Zephyrus G14,Computer,view,2026-03-23 19:35:21
60,Modern Sofa,Furniture,view,2026-03-23 19:46:20
24,Classic White Tee,Clothes,click,2026-03-23 19:59:55
85,Leather Wallet,Accessories,view,2026-03-23 20:04:49
202,Hoodie,Clothes,view,2026-03-23 20:21:29
68,Queen Bed,Furniture,add_to_cart,2026-03-23 20:36:55
260,F91W,Watches,view,2026-03-23 20:41:55
479,Slim Fit Jeans,Clothes,click,2026-03-23 21:10:43
151,Dining Chair,Furniture,add_to_cart,2026-03-23 21:15:53
212,Classic White Tee,Clothes,click,2026-03-23 21:40:48
233,Naked Palette,Cosmetics,view,2026-03-23 21:55:54
193,Silver Ring,Accessories,click,2026-03-23 22:49:20
372,Redmi Note 13,Mobile,click,2026-03-23 23:02:31
398,Cargo Pants,Clothes,purchase,2026-03-23 23:02:46
125,Compression Tights,Sportswear,view,2026-03-23 23:42:49
2,Tech Backpack,Accessories,view,2026-03-23 23:43:38
350,Capsule Umberella,Accessories,click,2026-03-23 23:45:50
344,Winter Parka,Clothes,click,2026-03-23 23:47:22
40,Apple Watch S9,Watches,click,2026-03-23 23:51:09
474,1984,Books,click,2026-03-23 23:58:28
316,Submariner,Watches,view,2026-03-24 00:00:17
96,Coffee Table,Furniture,purchase,2026-03-24 00:14:19
443,Classic Leather,Shoes,add_to_cart,2026-03-24 00:15:07
27,Cast Iron Skillet,Kitchenware,view,2026-03-24 00:38:21
304,Cargo Pants,Clothes,view,2026-03-24 00:40:08
207,Tracksuit,Sportswear,click,2026-03-24 01:18:00
204,Atomic Habits,Books,view,2026-03-24 01:19:38
415,ThinkPad X1 Carbon,Computer,view,2026-03-24 01:22:40
193,Capsule Umberella,Accessories,view,2026-03-24 01:31:13
374,Toaster,Kitchenware,view,2026-03-24 01:40:55
361,Tissot Le Locle,Watches,add_to_cart,2026-03-24 01:46:09
169,Sunscreen 50+,Cosmetics,view,2026-03-24 01:57:25
191,Queen Bed,Furniture,click,2026-03-24 02:24:24
206,Naked Palette,Cosmetics,click,2026-03-24 02:25:30
407,Dri-FIT Tee,Sportswear,view,2026-03-24 02:41:48
220,Toaster,Kitchenware,view,2026-03-24 03:23:51
115,Cloud 5,Shoes,click,2026-03-24 03:29:58
461,Hoodie,Clothes,click,2026-03-24 05:04:58
489,Redmi Note 13,Mobile,view,2026-03-24 05:10:01
215,Tissot Le Locle,Watches,purchase,2026-03-24 05:35:27
27,Air Fryer,Kitchenware,view,2026-03-24 05:46:15
141,Slim Fit Jeans,Clothes,click,2026-03-24 05:55:09
87,Chef's Knife,Kitchenware,view,2026-03-24 06:18:03
185,990v6,Shoes,add_to_cart,2026-03-24 06:28:55
438,Cargo Pants,Clothes,view,2026-03-24 06:37:20
281,Leather Wallet,Accessories,view,2026-03-24 06:41:42
128,Seiko 5 Sport,Watches,add_to_cart,2026-03-24 06:43:22
421,Dri-FIT Tee,Sportswear,click,2026-03-24 06:44:52
359,990v6,Shoes,view,2026-03-24 06:59:13
325,Nothing Phone 2,Mobile,purchase,2026-03-24 07:09:13
74,Classic Leather,Shoes,add_to_cart,2026-03-24 07:13:08
136,Cast Iron Skillet,Kitchenware,click,2026-03-24 07:16:32
493,Yoga Pants,Sportswear,view,2026-03-24 07:17:06
86,Oxford Shirt,Clothes,view,2026-03-24 07:31:26
284,Steve Jobs,Books,view,2026-03-24 07:42:56
216,Chef's Knife,Kitchenware,view,2026-03-24 07:46:40
50,Slim Fit Jeans,Clothes,click,2026-03-24 07:54:48
302,1984,Books,view,2026-03-24 07:54:50
229,Cargo Pants,Clothes,view,2026-03-24 07:58:33
134,Surface Laptop 5,Computer,click,2026-03-24 08:15:19
452,Capsule Umberella,Accessories,click,2026-03-24 08:15:23
416,Clyde All-Pro,Shoes,click,2026-03-24 08:17:04
430,ThinkPad X1 Carbon,Computer,click,2026-03-24 08:18:16
40,Tech Backpack,Accessories,purchase,2026-03-24 08:37:13
385,Gym Bag,Sportswear,view,2026-03-24 08:58:46
295,Stand Mixer,Kitchenware,purchase,2026-03-24 09:20:44
304,Matte Lipstick,Cosmetics,click,2026-03-24 09:24:19
8,Desk Lamp,Furniture,view,2026-03-24 09:26:09
301,Bookshelf,Furniture,add_to_cart,2026-03-24 09:27:19
91,Redmi Note 13,Mobile,click,2026-03-24 09:38:41
482,Coffee Table,Furniture,purchase,2026-03-24 09:42:16
436,ThinkPad X1 Carbon,Computer,click,2026-03-24 10:09:06
459,Coffee Table,Furniture,add_to_cart,2026-03-24 10:20:59
316,G-Shock DW5600,Watches,view,2026-03-24 10:21:20
221,Silver Ring,Accessories,click,2026-03-24 10:25:35
403,Foundation Pro,Cosmetics,click,2026-03-24 10:32:07
146,Winter Parka,Clothes,purchase,2026-03-24 11:08:42
49,OnePlus 12,Mobile,view,2026-03-24 11:14:57
107,Windbreaker,Sportswear,view,2026-03-24 11:21:10
269,Atomic Habits,Books,click,2026-03-24 11:37:34
465,Seiko 5 Sport,Watches,view,2026-03-24 11:38:48
459,Bookshelf,Furniture,view,2026-03-24 11:53:02
89,Sapiens,Books,click,2026-03-24 12:03:19
111,Windbreaker,Sportswear,click,2026-03-24 12:08:55
218,Sports Bra,Sportswear,view,2026-03-24 12:21:59
13,Running Shorts,Sportswear,view,2026-03-24 12:22:34
445,Leather Wallet,Accessories,click,2026-03-24 12:40:25
45,Dune,Books,view,2026-03-24 12:52:19
454,Tracksuit,Sportswear,click,2026-03-24 13:00:17
500,Slim Fit Jeans,Clothes,click,2026-03-24 13:08:42
187,Harry Potter 1,Books,view,2026-03-24 13:15:21
153,Toaster,Kitchenware,view,2026-03-24 13:51:28
267,XPS 13,Computer,view,2026-03-24 14:19:08
326,Oxford Shirt,Clothes,click,2026-03-24 14:30:51
23,Tissot Le Locle,Watches,view,2026-03-24 14:35:18
301,Pavilion 15,Computer,add_to_cart,2026-03-24 14:44:16
137,Silk Scarf,Clothes,add_to_cart,2026-03-24 15:11:23
114,Wayfarer,Accessories,click,2026-03-24 15:18:11
458,Redmi Note 13,Mobile,click,2026-03-24 15:23:09
251,Leather Wallet,Accessories,view,2026-03-24 15:34:37
208,Modern Sofa,Furniture,click,2026-03-24 15:47:43
226,Capsule Umberella,Accessories,view,2026-03-24 15:48:23
32,Blender,Kitchenware,view,2026-03-24 15:49:39
126,Redmi Note 13,Mobile,click,2026-03-24 16:03:59
292,Pixel 8 Pro,Mobile,view,2026-03-24 16:10:09
399,Toaster,Kitchenware,view,2026-03-24 16:38:18
8,Apple Watch S9,Watches,add_to_cart,2026-03-24 16:41:56
120,Clyde All-Pro,Shoes,click,2026-03-24 17:07:16
397,Harry Potter 1,Books,click,2026-03-24 17:09:08
356,1984,Books,view,2026-03-24 17:38:27
104,Xperia 1 V,Mobile,view,2026-03-24 17:40:16
250,Hydrating Serum,Cosmetics,add_to_cart,2026-03-24 17:46:29
482,Dining Chair,Furniture,click,2026-03-24 17:53:54
95,Running Shorts,Sportswear,view,2026-03-24 18:09:03
380,Chef's Knife,Kitchenware,click,2026-03-24 18:10:38
109,Cast Iron Skillet,Kitchenware,click,2026-03-24 18:14:28
20,Cloud 5,Shoes,view,2026-03-24 19:12:32
186,Tech Backpack,Accessories,view,2026-03-24 19:12:34
354,Pavilion 15,Computer,view,2026-03-24 19:20:56
422,The Great Gatsby,Books,view,2026-03-24 19:47:02
296,Yoga Pants,Sportswear,click,2026-03-24 20:23:51
206,Hydrating Serum,Cosmetics,click,2026-03-24 20:27:02
465,Gym Bag,Sportswear,view,2026-03-24 20:35:07
473,Slim Fit Jeans,Clothes,view,2026-03-24 20:38:42
488,Pavilion 15,Computer,click,2026-03-24 20:51:11
484,Matte Lipstick,Cosmetics,view,2026-03-24 20:54:08
490,Cotton Beanie,Accessories,click,2026-03-24 21:07:50
184,OnePlus 12,Mobile,view,2026-03-24 21:09:45
383,Matte Lipstick,Cosmetics,view,2026-03-24 21:21:32
312,Air Fryer,Kitchenware,view,2026-03-24 21:33:41
90,Tissot Le Locle,Watches,view,2026-03-24 21:52:07
68,Matte Lipstick,Cosmetics,view,2026-03-24 21:56:38
429,Razer Blade 15,Computer,view,2026-03-24 22:01:39
136,Pressure Cooker,Kitchenware,click,2026-03-24 22:17:48
250,Classic Leather,Shoes,click,2026-03-24 22:29:26
164,Apple Watch S9,Watches,view,2026-03-24 22:35:17
96,Coffee Table,Furniture,click,2026-03-24 22:49:55
250,Perfume No.5,Cosmetics,add_to_cart,2026-03-24 22:50:32
299,Redmi Note 13,Mobile,click,2026-03-24 22:51:42
48,Sheet Mask,Cosmetics,add_to_cart,2026-03-24 23:20:08
285,Yoga Pants,Sportswear,click,2026-03-24 23:20:49
492,Dining Chair,Furniture,add_to_cart,2026-03-24 23:25:06
118,MacBook Air M3,Computer,view,2026-03-24 23:30:18
108,Air Max 270,Shoes,view,2026-03-24 23:44:17
37,Tank Must,Watches,click,2026-03-24 23:56:11
484,Queen Bed,Furniture,view,2026-03-25 00:11:33
257,iPhone 15 Pro,Mobile,purchase,2026-03-25 00:33:27
259,Leather Belt,Accessories,view,2026-03-25 00:43:46
429,990v6,Shoes,add_to_cart,2026-03-25 00:47:19
140,Desk Lamp,Furniture,add_to_cart,2026-03-25 00:47:46
226,Xperia 1 V,Mobile,view,2026-03-25 00:51:37
440,Yoga Pants,Sportswear,view,2026-03-25 00:56:48
66,Surface Laptop 5,Computer,view,2026-03-25 01:17:31
51,Kettle,Kitchenware,add_to_cart,2026-03-25 01:18:24
348,Vivobook S,Computer,view,2026-03-25 02:05:20
275,F91W,Watches,view,2026-03-25 02:09:26
303,Hydrating Serum,Cosmetics,view,2026-03-25 02:20:40
283,Sapiens,Books,view,2026-03-25 02:49:07
274,Old Skool,Shoes,click,2026-03-25 02:51:15
21,Cast Iron Skillet,Kitchenware,add_to_cart,2026-03-25 02:52:04
95,Old Skool,Shoes,add_to_cart,2026-03-25 02:52:53
356,Leather Belt,Accessories,click,2026-03-25 03:06:23
226,Long Lash Mascara,Cosmetics,view,2026-03-25 03:08:55
246,Dune,Books,purchase,2026-03-25 03:10:14
138,Tracksuit,Sportswear,view,2026-03-25 04:01:35
26,Gym Bag,Sportswear,view,2026-03-25 04:08:05
427,Seamaster,Watches,click,2026-03-25 04:24:26
303,Perfume No.5,Cosmetics,click,2026-03-25 04:37:06
343,Foundation Pro,Cosmetics,view,2026-03-25 04:55:56
293,Air Fryer,Kitchenware,click,2026-03-25 04:56:40
110,Leather Wallet,Accessories,add_to_cart,2026-03-25 05:10:00
361,Apple Watch S9,Watches,view,2026-03-25 05:11:43
176,Z Flip 5,Mobile,click,2026-03-25 05:31:58
183,Sheet Mask,Cosmetics,view,2026-03-25 06:25:54
54,Tracksuit,Sportswear,add_to_cart,2026-03-25 06:32:09
158,MacBook Air M3,Computer,click,2026-03-25 06:44:33
167,Queen Bed,Furniture,add_to_cart,2026-03-25 06:46:06
363,Modern Sofa,Furniture,purchase,2026-03-25 06:56:16
376,Ultraboost 22,Shoes,view,2026-03-25 06:57:28
476,Cotton Beanie,Accessories,click,2026-03-25 06:57:47
351,Air Max 270,Shoes,add_to_cart,2026-03-25 07:15:52
271,Pixel 8 Pro,Mobile,add_to_cart,2026-03-25 07:20:51
477,Galaxy S24 Ultra,Mobile,add_to_cart,2026-03-25 07:36:36
344,Classic White Tee,Clothes,view,2026-03-25 07:40:39
66,Desk Lamp,Furniture,view,2026-03-25 08:20:35
385,Winter Parka,Clothes,view,2026-03-25 08:24:58
438,Silk Scarf,Clothes,add_to_cart,2026-03-25 08:26:09
43,Leather Belt,Accessories,view,2026-03-25 08:31:21
70,Atomic Habits,Books,click,2026-03-25 08:36:30
464,Hydrating Serum,Cosmetics,view,2026-03-25 08:49:38
450,Coffee Table,Furniture,view,2026-03-25 08:52:25
257,Hoodie,Clothes,add_to_cart,2026-03-25 09:04:45
358,Harry Potter 1,Books,click,2026-03-25 09:09:43
423,Compression Tights,Sportswear,view,2026-03-25 09:43:48
241,Foundation Pro,Cosmetics,view,2026-03-25 09:47:38
349,1984,Books,click,2026-03-25 09:57:25
22,Silver Ring,Accessories,view,2026-03-25 10:01:14
248,Kettle,Kitchenware,view,2026-03-25 10:06:03
419,Clyde All-Pro,Shoes,view,2026-03-25 10:33:21
159,Yoga Pants,Sportswear,view,2026-03-25 11:24:57
75,Winter Parka,Clothes,click,2026-03-25 11:38:46
79,XPS 13,Computer,click,2026-03-25 12:20:18
247,Tech Backpack,Accessories,click,2026-03-25 12:20:34
236,F91W,Watches,view,2026-03-25 12:27:12
55,Toaster,Kitchenware,view,2026-03-25 13:04:44
308,Tech Backpack,Accessories,view,2026-03-25 13:09:09
62,Pressure Cooker,Kitchenware,view,2026-03-25 13:09:31
392,Silver Ring,Accessories,click,2026-03-25 13:13:30
30,Vivobook S,Computer,view,2026-03-25 13:16:20
96,Razer Blade 15,Computer,view,2026-03-25 13:19:40
345,Matte Lipstick,Cosmetics,view,2026-03-25 13:26:58
370,Hoodie,Clothes,add_to_cart,2026-03-25 13:30:53
467,Tissot Le Locle,Watches,click,2026-03-25 13:30:54
297,Foundation Pro,Cosmetics,add_to_cart,2026-03-25 13:32:27
150,Seiko 5 Sport,Watches,view,2026-03-25 13:36:18
362,Apple Watch S9,Watches,add_to_cart,2026-03-25 13:57:34
300,Old Skool,Shoes,view,2026-03-25 14:09:21
227,Seamaster,Watches,view,2026-03-25 14:11:56
211,Long Lash Mascara,Cosmetics,view,2026-03-25 14:56:30
22,Sapiens,Books,view,2026-03-25 15:04:38
63,Razer Blade 15,Computer,view,2026-03-25 15:15:47
321,Sunscreen 50+,Cosmetics,view,2026-03-25 15:45:25
354,Dri-FIT Tee,Sportswear,view,2026-03-25 15:46:22
71,Tracksuit,Sportswear,click,2026-03-25 16:28:56
17,Queen Bed,Furniture,add_to_cart,2026-03-25 16:29:55
213,Leather Belt,Accessories,view,2026-03-25 16:36:42
163,Cargo Pants,Clothes,view,2026-03-25 16:39:08
328,Air Max 270,Shoes,add_to_cart,2026-03-25 16:42:39
37,G-Shock DW5600,Watches,view,2026-03-25 16:47:06
221,Wayfarer,Accessories,view,2026-03-25 17:23:58
241,Silk Tie,Accessories,view,2026-03-25 17:28:17
223,Perfume No.5,Cosmetics,view,2026-03-25 17:29:10
28,Leather Wallet,Accessories,click,2026-03-25 17:31:42
427,1984,Books,click,2026-03-25 17:35:05
148,Hoodie,Clothes,click,2026-03-25 17:40:01
251,Silver Ring,Accessories,click,2026-03-25 17:55:21
133,Pavilion 15,Computer,view,2026-03-25 18:02:45
187,ROG Zephyrus G14,Computer,click,2026-03-25 18:09:55
383,Hydrating Serum,Cosmetics,view,2026-03-25 18:28:26
232,ROG Zephyrus G14,Computer,view,2026-03-25 18:32:40
491,Apple Watch S9,Watches,click,2026-03-25 18:34:31
168,iPhone 15 Pro,Mobile,view,2026-03-25 18:52:52
151,Coffee Table,Furniture,view,2026-03-25 18:57:40
464,Long Lash Mascara,Cosmetics,add_to_cart,2026-03-25 19:20:50
493,Naked Palette,Cosmetics,view,2026-03-25 19:25:32
27,Stand Mixer,Kitchenware,add_to_cart,2026-03-25 19:35:21
389,ErgoChair,Furniture,click,2026-03-25 19:41:50
265,Air Fryer,Kitchenware,purchase,2026-03-25 19:44:08
418,Compression Tights,Sportswear,view,2026-03-25 19:47:43
125,Windbreaker,Sportswear,click,2026-03-25 20:04:15
361,G-Shock DW5600,Watches,purchase,2026-03-25 20:10:23
230,Sheet Mask,Cosmetics,add_to_cart,2026-03-25 21:00:43
275,Vase,Furniture,view,2026-03-25 21:04:53
372,Wayfarer,Accessories,click,2026-03-25 21:06:49
90,Silk Tie,Accessories,view,2026-03-25 21:07:31
385,Oxford Shirt,Clothes,view,2026-03-25 21:09:06
489,Z Flip 5,Mobile,view,2026-03-25 21:18:38
422,Matte Lipstick,Cosmetics,click,2026-03-25 21:20:48
234,Coffee Table,Furniture,view,2026-03-25 21:23:31
65,Surface Laptop 5,Computer,view,2026-03-25 21:33:52
89,The Great Gatsby,Books,view,2026-03-25 21:41:19
15,ROG Zephyrus G14,Computer,click,2026-03-25 21:46:17
112,Long Lash Mascara,Cosmetics,add_to_cart,2026-03-25 21:53:04
347,Steve Jobs,Books,click,2026-03-25 22:02:36
249,Bookshelf,Furniture,view,2026-03-25 22:03:33
180,Toaster,Kitchenware,purchase,2026-03-25 22:12:34
210,Stand Mixer,Kitchenware,click,2026-03-25 22:14:03
462,F91W,Watches,view,2026-03-25 22:15:24
139,F91W,Watches,add_to_cart,2026-03-25 22:22:27
315,Sports Bra,Sportswear,view,2026-03-25 22:32:12
434,Vase,Furniture,click,2026-03-25 22:44:47
306,Foundation Pro,Cosmetics,add_to_cart,2026-03-25 23:05:10
302,Sapiens,Books,view,2026-03-25 23:12:24
82,Pressure Cooker,Kitchenware,click,2026-03-25 23:32:28
36,Steve Jobs,Books,click,2026-03-25 23:46:26
51,Sheet Mask,Cosmetics,click,2026-03-25 23:50:23
333,990v6,Shoes,view,2026-03-25 23:59:43
469,Hydrating Serum,Cosmetics,click,2026-03-26 00:05:59
373,Clyde All-Pro,Shoes,view,2026-03-26 00:08:35
174,Oxford Shirt,Clothes,purchase,2026-03-26 00:09:30
298,Ultraboost 22,Shoes,add_to_cart,2026-03-26 00:28:06
427,F91W,Watches,view,2026-03-26 00:46:20
425,Foundation Pro,Cosmetics,view,2026-03-26 00:58:49
39,Running Shorts,Sportswear,view,2026-03-26 00:59:29
429,Denim Jacket,Clothes,click,2026-03-26 01:17:54
171,Winter Parka,Clothes,add_to_cart,2026-03-26 01:37:23
413,Tracksuit,Sportswear,click,2026-03-26 01:54:55
453,Silver Ring,Accessories,view,2026-03-26 01:59:47
456,Wayfarer,Accessories,view,2026-03-26 01:59:52
489,iPhone 15 Pro,Mobile,view,2026-03-26 02:17:24
473,Pavilion 15,Computer,add_to_cart,2026-03-26 03:04:44
364,iPhone 15 Pro,Mobile,view,2026-03-26 03:27:11
201,Z Flip 5,Mobile,add_to_cart,2026-03-26 03:35:09
318,Compression Tights,Sportswear,click,2026-03-26 03:46:52
482,Dining Chair,Furniture,click,2026-03-26 04:01:18
105,Classic Leather,Shoes,click,2026-03-26 04:04:44
450,ErgoChair,Furniture,view,2026-03-26 04:53:24
89,Seiko 5 Sport,Watches,add_to_cart,2026-03-26 04:57:54
9,Windbreaker,Sportswear,click,2026-03-26 05:03:21
67,OnePlus 12,Mobile,view,2026-03-26 05:03:31
153,Toaster,Kitchenware,add_to_cart,2026-03-26 05:18:18
95,XPS 13,Computer,view,2026-03-26 05:20:24
95,Ultraboost 22,Shoes,view,2026-03-26 05:22:04
210,1984,Books,view,2026-03-26 05:31:20
455,Slim Fit Jeans,Clothes,view,2026-03-26 05:33:31
10,Xperia 1 V,Mobile,add_to_cart,2026-03-26 05:50:35
207,Naked Palette,Cosmetics,view,2026-03-26 06:44:56
31,Modern Sofa,Furniture,click,2026-03-26 06:54:29
169,Matte Lipstick,Cosmetics,click,2026-03-26 06:59:00
229,Hoodie,Clothes,view,2026-03-26 07:03:44
297,Long Lash Mascara,Cosmetics,add_to_cart,2026-03-26 07:22:01
244,Xperia 1 V,Mobile,view,2026-03-26 07:37:38
178,Tissot Le Locle,Watches,view,2026-03-26 07:38:05
107,Slim Fit Jeans,Clothes,view,2026-03-26 07:47:38
105,Sports Bra,Sportswear,view,2026-03-26 08:04:24
255,Queen Bed,Furniture,view,2026-03-26 08:13:37
81,ErgoChair,Furniture,click,2026-03-26 08:17:02
83,Tissot Le Locle,Watches,purchase,2026-03-26 08:19:17
190,Clyde All-Pro,Shoes,view,2026-03-26 08:32:10
378,Capsule Umberella,Accessories,click,2026-03-26 09:09:53
71,OnePlus 12,Mobile,view,2026-03-26 09:25:32
92,Wayfarer,Accessories,click,2026-03-26 10:09:35
243,Vase,Furniture,view,2026-03-26 10:19:30
442,Cast Iron Skillet,Kitchenware,add_to_cart,2026-03-26 10:28:34
130,Pavilion 15,Computer,click,2026-03-26 10:38:53
309,Harry Potter 1,Books,view,2026-03-26 10:52:46
410,Harry Potter 1,Books,click,2026-03-26 11:09:32
316,F91W,Watches,view,2026-03-26 11:11:56
224,Hoodie,Clothes,view,2026-03-26 11:23:37
84,Clean Code,Books,view,2026-03-26 11:27:18
10,Xperia 1 V,Mobile,view,2026-03-26 11:29:59
334,Seiko 5 Sport,Watches,view,2026-03-26 11:32:43
150,G-Shock DW5600,Watches,click,2026-03-26 11:45:31
160,Pixel 8 Pro,Mobile,add_to_cart,2026-03-26 12:05:36
148,Ultraboost 22,Shoes,view,2026-03-26 12:14:52
13,Sports Bra,Sportswear,click,2026-03-26 12:26:22
386,Silk Tie,Accessories,view,2026-03-26 12:30:28
449,MacBook Air M3,Computer,click,2026-03-26 12:41:52
92,ROG Zephyrus G14,Computer,view,2026-03-26 12:45:54
201,1984,Books,view,2026-03-26 13:02:55
251,Capsule Umberella,Accessories,click,2026-03-26 13:10:04
445,Cotton Beanie,Accessories,view,2026-03-26 13:12:34
346,Windbreaker,Sportswear,view,2026-03-26 13:24:09
492,Desk Lamp,Furniture,view,2026-03-26 13:32:14
417,Vase,Furniture,click,2026-03-26 14:18:20
392,Tech Backpack,Accessories,add_to_cart,2026-03-26 14:39:32
211,Nothing Phone 2,Mobile,purchase,2026-03-26 15:22:26
42,Apple Watch S9,Watches,view,2026-03-26 15:52:18
47,G-Shock DW5600,Watches,view,2026-03-26 16:01:18
272,Leather Belt,Accessories,view,2026-03-26 16:07:38
478,Winter Parka,Clothes,add_to_cart,2026-03-26 16:17:32
86,Oxford Shirt,Clothes,view,2026-03-26 16:26:30
25,Galaxy S24 Ultra,Mobile,view,2026-03-26 16:38:58
362,Seamaster,Watches,view,2026-03-26 16:52:13
470,Perfume No.5,Cosmetics,view,2026-03-26 17:06:06
428,Tank Must,Watches,add_to_cart,2026-03-26 17:21:37
291,Redmi Note 13,Mobile,view,2026-03-26 17:35:42
164,Silver Ring,Accessories,view,2026-03-26 17:40:01
222,Pressure Cooker,Kitchenware,view,2026-03-26 17:40:47
34,Chef's Knife,Kitchenware,click,2026-03-26 18:02:04
316,Kettle,Kitchenware,view,2026-03-26 18:04:56
234,G-Shock DW5600,Watches,add_to_cart,2026-03-26 18:08:35
291,Pressure Cooker,Kitchenware,view,2026-03-26 18:12:23
463,F91W,Watches,view,2026-03-26 18:35:50
6,Capsule Umberella,Accessories,add_to_cart,2026-03-26 18:36:47
41,Slim Fit Jeans,Clothes,add_to_cart,2026-03-26 18:41:22
363,Dri-FIT Tee,Sportswear,view,2026-03-26 18:51:27
353,Atomic Habits,Books,click,2026-03-26 18:59:52
498,Modern Sofa,Furniture,click,2026-03-26 19:10:59
335,Clyde All-Pro,Shoes,click,2026-03-26 19:11:28
212,Slim Fit Jeans,Clothes,view,2026-03-26 19:23:39
174,Perfume No.5,Cosmetics,view,2026-03-26 19:47:23
343,Denim Jacket,Clothes,add_to_cart,2026-03-26 19:48:34
287,XPS 13,Computer,view,2026-03-26 20:15:05
72,Wayfarer,Accessories,click,2026-03-26 20:16:56
254,Leather Belt,Accessories,add_to_cart,2026-03-26 20:20:11
63,1984,Books,click,2026-03-26 20:41:50
494,iPhone 15 Pro,Mobile,view,2026-03-26 20:52:56
349,1984,Books,add_to_cart,2026-03-26 20:56:57
163,Hoodie,Clothes,view,2026-03-26 20:57:35
90,Silk Tie,Accessories,view,2026-03-26 21:01:49
140,Desk Lamp,Furniture,add_to_cart,2026-03-26 21:02:02
182,Air Max 270,Shoes,view,2026-03-26 21:03:06
75,Oxford Shirt,Clothes,click,2026-03-26 21:09:12
91,Seamaster,Watches,click,2026-03-26 21:20:19
142,Chuck 70,Shoes,add_to_cart,2026-03-26 21:36:01
163,Oxford Shirt,Clothes,click,2026-03-26 21:37:03
20,Ultraboost 22,Shoes,view,2026-03-26 21:42:47
280,Desk Lamp,Furniture,add_to_cart,2026-03-26 21:53:56
157,Silver Ring,Accessories,view,2026-03-26 21:54:24
14,ROG Zephyrus G14,Computer,click,2026-03-26 21:59:58
242,The Great Gatsby,Books,add_to_cart,2026-03-26 22:09:03
83,ROG Zephyrus G14,Computer,view,2026-03-26 22:18:13
172,Old Skool,Shoes,click,2026-03-26 22:30:49
265,Razer Blade 15,Computer,add_to_cart,2026-03-26 22:34:46
183,Cargo Pants,Clothes,view,2026-03-26 22:45:16
222,Chef's Knife,Kitchenware,view,2026-03-26 22:45:51
423,Oxford Shirt,Clothes,view,2026-03-26 22:54:47
377,Classic White Tee,Clothes,click,2026-03-26 23:01:32
421,Compression Tights,Sportswear,view,2026-03-26 23:21:42
421,Running Shorts,Sportswear,click,2026-03-26 23:49:09
106,Seamaster,Watches,view,2026-03-26 23:55:25
455,Leather Belt,Accessories,purchase,2026-03-26 23:59:09
145,The Great Gatsby,Books,view,2026-03-27 00:16:05
321,Sheet Mask,Cosmetics,add_to_cart,2026-03-27 00:19:17
423,Apple Watch S9,Watches,view,2026-03-27 00:30:14
367,Pavilion 15,Computer,view,2026-03-27 00:38:13
271,Pixel 8 Pro,Mobile,click,2026-03-27 00:58:27
237,XPS 13,Computer,add_to_cart,2026-03-27 01:06:46
137,Winter Parka,Clothes,purchase,2026-03-27 01:11:34
307,Hydrating Serum,Cosmetics,view,2026-03-27 01:37:08
439,Sapiens,Books,view,2026-03-27 01:42:41
468,Pavilion 15,Computer,view,2026-03-27 01:50:35
45,Clean Code,Books,purchase,2026-03-27 02:02:13
424,Dune,Books,add_to_cart,2026-03-27 02:10:50
277,Kettle,Kitchenware,view,2026-03-27 02:16:47
198,Coffee Table,Furniture,click,2026-03-27 02:17:33
362,Clean Code,Books,view,2026-03-27 02:23:10
149,F91W,Watches,view,2026-03-27 02:40:51
201,Sports Bra,Sportswear,view,2026-03-27 02:54:10
460,Dri-FIT Tee,Sportswear,view,2026-03-27 03:15:19
237,Modern Sofa,Furniture,purchase,2026-03-27 03:20:32
128,G-Shock DW5600,Watches,click,2026-03-27 03:20:43
365,Cast Iron Skillet,Kitchenware,view,2026-03-27 03:39:18
424,The Great Gatsby,Books,view,2026-03-27 03:59:47
151,Redmi Note 13,Mobile,click,2026-03-27 04:09:47
11,Cargo Pants,Clothes,view,2026-03-27 04:09:49
448,Stand Mixer,Kitchenware,view,2026-03-27 04:11:09
178,iPhone 15 Pro,Mobile,view,2026-03-27 04:14:53
191,ErgoChair,Furniture,click,2026-03-27 04:15:44
350,Silver Ring,Accessories,view,2026-03-27 04:23:51
87,Slim Fit Jeans,Clothes,view,2026-03-27 04:36:03
5,Vivobook S,Computer,view,2026-03-27 04:37:18
82,Nothing Phone 2,Mobile,view,2026-03-27 05:00:07
477,Winter Parka,Clothes,view,2026-03-27 05:08:43
27,Pressure Cooker,Kitchenware,click,2026-03-27 05:52:33
451,Tank Must,Watches,click,2026-03-27 06:15:18
181,XPS 13,Computer,click,2026-03-27 06:18:08
457,Dining Chair,Furniture,add_to_cart,2026-03-27 06:47:28
447,Sapiens,Books,add_to_cart,2026-03-27 06:51:47
341,Clean Code,Books,view,2026-03-27 07:20:17
400,Leather Belt,Accessories,click,2026-03-27 07:25:24
446,Clyde All-Pro,Shoes,click,2026-03-27 07:30:48
368,Redmi Note 13,Mobile,view,2026-03-27 07:38:18
342,Foundation Pro,Cosmetics,add_to_cart,2026-03-27 08:01:14
434,Oxford Shirt,Clothes,view,2026-03-27 08:08:36
95,Chuck 70,Shoes,add_to_cart,2026-03-27 08:30:39
53,Razer Blade 15,Computer,click,2026-03-27 08:38:07
315,Xperia 1 V,Mobile,view,2026-03-27 08:39:16
185,Z Flip 5,Mobile,click,2026-03-27 08:40:58
2,Capsule Umberella,Accessories,view,2026-03-27 08:41:44
461,Silk Scarf,Clothes,view,2026-03-27 08:46:03
260,Slim Fit Jeans,Clothes,click,2026-03-27 09:02:20
278,Submariner,Watches,view,2026-03-27 09:38:06
488,Razer Blade 15,Computer,add_to_cart,2026-03-27 09:53:57
318,Running Shorts,Sportswear,view,2026-03-27 09:58:08
408,1984,Books,view,2026-03-27 10:02:14
115,ErgoChair,Furniture,view,2026-03-27 10:02:52
48,Pavilion 15,Computer,click,2026-03-27 10:08:05
200,Running Shorts,Sportswear,click,2026-03-27 10:08:43
459,Desk Lamp,Furniture,click,2026-03-27 10:15:44
94,F91W,Watches,click,2026-03-27 10:16:05
326,Apple Watch S9,Watches,purchase,2026-03-27 10:33:47
122,XPS 13,Computer,view,2026-03-27 10:50:39
172,Ultraboost 22,Shoes,click,2026-03-27 11:04:20
46,Vivobook S,Computer,view,2026-03-27 11:20:05
137,Oxford Shirt,Clothes,view,2026-03-27 11:26:01
105,990v6,Shoes,view,2026-03-27 11:31:27
361,Air Max 270,Shoes,view,2026-03-27 11:35:04
452,Air Max 270,Shoes,click,2026-03-27 12:44:52
325,Tracksuit,Sportswear,view,2026-03-27 13:05:16
418,Running Shorts,Sportswear,click,2026-03-27 13:27:39
24,Silk Scarf,Clothes,view,2026-03-27 14:10:26
471,Classic White Tee,Clothes,view,2026-03-27 14:13:15
436,MacBook Air M3,Computer,view,2026-03-27 14:18:19
222,Air Fryer,Kitchenware,view,2026-03-27 14:23:50
330,Tissot Le Locle,Watches,view,2026-03-27 14:30:37
139,Kettle,Kitchenware,purchase,2026-03-27 14:46:00
433,Razer Blade 15,Computer,view,2026-03-27 14:46:12
238,Perfume No.5,Cosmetics,add_to_cart,2026-03-27 14:59:18
250,Old Skool,Shoes,add_to_cart,2026-03-27 15:01:35
10,Atomic Habits,Books,click,2026-03-27 15:13:19
442,XPS 13,Computer,click,2026-03-27 15:18:40
47,Classic Leather,Shoes,click,2026-03-27 15:32:07
24,Pressure Cooker,Kitchenware,add_to_cart,2026-03-27 15:45:40
493,Sports Bra,Sportswear,view,2026-03-27 15:45:53
376,Chuck 70,Shoes,view,2026-03-27 15:48:38
196,Windbreaker,Sportswear,view,2026-03-27 16:00:42
474,Tissot Le Locle,Watches,view,2026-03-27 16:01:45
323,Perfume No.5,Cosmetics,view,2026-03-27 16:13:32
65,Chuck 70,Shoes,purchase,2026-03-27 16:20:33
356,Hoodie,Clothes,purchase,2026-03-27 16:23:04
142,Old Skool,Shoes,view,2026-03-27 16:39:33
133,Air Max 270,Shoes,click,2026-03-27 17:05:52
338,Gym Bag,Sportswear,add_to_cart,2026-03-27 17:12:58
285,Sports Bra,Sportswear,view,2026-03-27 17:17:33
286,Ultraboost 22,Shoes,click,2026-03-27 17:56:54
255,Sheet Mask,Cosmetics,add_to_cart,2026-03-27 18:25:27
481,Old Skool,Shoes,purchase,2026-03-27 18:43:00
163,Cargo Pants,Clothes,view,2026-03-27 18:53:30
238,Matte Lipstick,Cosmetics,add_to_cart,2026-03-27 18:57:06
332,ThinkPad X1 Carbon,Computer,add_to_cart,2026-03-27 19:02:39
306,Sheet Mask,Cosmetics,view,2026-03-27 19:08:25
479,Oxford Shirt,Clothes,add_to_cart,2026-03-27 19:10:57
282,Dining Chair,Furniture,click,2026-03-27 19:12:39
63,Harry Potter 1,Books,purchase,2026-03-27 19:13:14
175,Atomic Habits,Books,click,2026-03-27 19:14:48
308,Tech Backpack,Accessories,view,2026-03-27 19:15:28
485,Dune,Books,click,2026-03-27 20:16:36
500,Denim Jacket,Clothes,view,2026-03-27 20:17:03
34,Air Fryer,Kitchenware,click,2026-03-27 20:23:27
111,ThinkPad X1 Carbon,Computer,click,2026-03-27 20:23:39
184,Redmi Note 13,Mobile,add_to_cart,2026-03-27 20:27:35
445,Tech Backpack,Accessories,view,2026-03-27 20:28:33
388,ThinkPad X1 Carbon,Computer,click,2026-03-27 20:29:06
136,Perfume No.5,Cosmetics,click,2026-03-27 20:33:22
468,Sapiens,Books,click,2026-03-27 20:33:42
277,Sapiens,Books,view,2026-03-27 20:35:20
102,ThinkPad X1 Carbon,Computer,click,2026-03-27 20:44:12
365,G-Shock DW5600,Watches,add_to_cart,2026-03-27 20:48:14
172,Classic Leather,Shoes,view,2026-03-27 21:16:59
233,Matte Lipstick,Cosmetics,click,2026-03-27 21:42:18
25,Redmi Note 13,Mobile,view,2026-03-27 21:52:42
330,Naked Palette,Cosmetics,add_to_cart,2026-03-27 22:07:39
201,Pixel 8 Pro,Mobile,purchase,2026-03-27 22:22:25
323,Long Lash Mascara,Cosmetics,view,2026-03-27 22:25:17
240,Pixel 8 Pro,Mobile,view,2026-03-27 22:34:57
413,Surface Laptop 5,Computer,view,2026-03-27 22:51:04
104,iPhone 15 Pro,Mobile,view,2026-03-27 23:02:04
493,Windbreaker,Sportswear,click,2026-03-27 23:20:47
479,Desk Lamp,Furniture,add_to_cart,2026-03-27 23:40:39
5,Foundation Pro,Cosmetics,view,2026-03-27 23:43:18
325,Galaxy S24 Ultra,Mobile,view,2026-03-27 23:47:30
81,Air Max 270,Shoes,view,2026-03-27 23:53:03
84,Harry Potter 1,Books,click,2026-03-28 00:07:05
159,Dri-FIT Tee,Sportswear,view,2026-03-28 00:21:09
150,Slim Fit Jeans,Clothes,purchase,2026-03-28 00:33:52
393,Toaster,Kitchenware,view,2026-03-28 00:50:34
202,Matte Lipstick,Cosmetics,view,2026-03-28 01:06:00
106,F91W,Watches,view,2026-03-28 01:20:22
242,Cast Iron Skillet,Kitchenware,view,2026-03-28 01:25:29
140,Modern Sofa,Furniture,view,2026-03-28 01:28:22
285,Tracksuit,Sportswear,click,2026-03-28 01:33:25
497,Sunscreen 50+,Cosmetics,view,2026-03-28 01:35:34
177,Seiko 5 Sport,Watches,view,2026-03-28 01:56:09
27,Toaster,Kitchenware,purchase,2026-03-28 02:14:23
176,Classic Leather,Shoes,add_to_cart,2026-03-28 02:16:58
233,Capsule Umberella,Accessories,view,2026-03-28 02:40:29
69,Vivobook S,Computer,view,2026-03-28 02:45:01
159,Compression Tights,Sportswear,click,2026-03-28 03:03:02
437,Galaxy S24 Ultra,Mobile,view,2026-03-28 03:16:53
102,Cloud 5,Shoes,add_to_cart,2026-03-28 03:42:20
438,Hoodie,Clothes,view,2026-03-28 03:49:17
297,Perfume No.5,Cosmetics,view,2026-03-28 03:49:49
324,Seamaster,Watches,view,2026-03-28 03:54:33
38,Denim Jacket,Clothes,click,2026-03-28 03:54:35
256,Leather Wallet,Accessories,view,2026-03-28 04:09:45
70,Modern Sofa,Furniture,view,2026-03-28 04:23:33
218,Dri-FIT Tee,Sportswear,click,2026-03-28 04:30:17
320,Clyde All-Pro,Shoes,view,2026-03-28 04:41:02
283,Sapiens,Books,view,2026-03-28 04:43:45
396,Submariner,Watches,purchase,2026-03-28 04:59:02
294,MacBook Air M3,Computer,view,2026-03-28 05:08:14
394,Capsule Umberella,Accessories,add_to_cart,2026-03-28 05:17:19
207,Long Lash Mascara,Cosmetics,purchase,2026-03-28 05:25:31
481,Clyde All-Pro,Shoes,view,2026-03-28 05:47:54
409,Kettle,Kitchenware,view,2026-03-28 06:07:33
175,Sunscreen 50+,Cosmetics,view,2026-03-28 06:24:44
404,ROG Zephyrus G14,Computer,click,2026-03-28 06:28:50
117,Sports Bra,Sportswear,view,2026-03-28 06:50:02
166,Queen Bed,Furniture,view,2026-03-28 06:50:38
471,Silk Scarf,Clothes,view,2026-03-28 06:58:35
392,Leather Wallet,Accessories,add_to_cart,2026-03-28 07:20:08
439,Clean Code,Books,view,2026-03-28 07:31:41
25,MacBook Air M3,Computer,view,2026-03-28 07:44:28
198,Bookshelf,Furniture,view,2026-03-28 07:50:20
337,Perfume No.5,Cosmetics,view,2026-03-28 07:56:04
73,Razer Blade 15,Computer,view,2026-03-28 07:57:19
447,Chef's Knife,Kitchenware,view,2026-03-28 08:00:39
357,OnePlus 12,Mobile,view,2026-03-28 08:03:37
465,Submariner,Watches,view,2026-03-28 08:04:18
58,Yoga Pants,Sportswear,view,2026-03-28 08:09:00
359,Classic Leather,Shoes,click,2026-03-28 08:15:07
300,Chuck 70,Shoes,click,2026-03-28 08:30:13
115,Cloud 5,Shoes,click,2026-03-28 08:38:15
265,Air Fryer,Kitchenware,view,2026-03-28 08:59:34
97,Old Skool,Shoes,click,2026-03-28 09:01:19
446,Apple Watch S9,Watches,click,2026-03-28 09:07:54
140,Bookshelf,Furniture,add_to_cart,2026-03-28 09:11:29
270,Vivobook S,Computer,view,2026-03-28 09:30:24
310,Dining Chair,Furniture,add_to_cart,2026-03-28 09:39:19
140,Modern Sofa,Furniture,click,2026-03-28 10:03:35
189,Classic White Tee,Clothes,click,2026-03-28 10:06:28
213,Classic Leather,Shoes,view,2026-03-28 10:24:44
354,Bookshelf,Furniture,view,2026-03-28 10:35:53
420,Z Flip 5,Mobile,view,2026-03-28 11:00:53
437,F91W,Watches,add_to_cart,2026-03-28 11:06:37
393,Kettle,Kitchenware,add_to_cart,2026-03-28 11:17:05
79,Surface Laptop 5,Computer,view,2026-03-28 11:22:23
162,Harry Potter 1,Books,view,2026-03-28 11:34:08
290,Leather Wallet,Accessories,view,2026-03-28 11:37:15
30,Vase,Furniture,view,2026-03-28 11:59:40
422,Running Shorts,Sportswear,click,2026-03-28 12:00:37
337,Running Shorts,Sportswear,click,2026-03-28 12:05:55
57,Wayfarer,Accessories,click,2026-03-28 12:27:42
42,ROG Zephyrus G14,Computer,view,2026-03-28 12:39:07
456,Tech Backpack,Accessories,add_to_cart,2026-03-28 12:57:15
257,Redmi Note 13,Mobile,view,2026-03-28 12:59:01
495,Compression Tights,Sportswear,view,2026-03-28 13:07:19
225,990v6,Shoes,purchase,2026-03-28 13:14:32
411,1984,Books,click,2026-03-28 13:34:34
439,Air Max 270,Shoes,click,2026-03-28 13:45:04
485,Dune,Books,view,2026-03-28 13:48:39
407,Razer Blade 15,Computer,add_to_cart,2026-03-28 13:55:10
298,Kettle,Kitchenware,click,2026-03-28 14:07:37
17,Queen Bed,Furniture,view,2026-03-28 15:14:03
9,Cargo Pants,Clothes,view,2026-03-28 15:29:07
321,Naked Palette,Cosmetics,purchase,2026-03-28 15:40:49
368,OnePlus 12,Mobile,view,2026-03-28 15:47:20
384,Windbreaker,Sportswear,view,2026-03-28 15:49:03
424,Steve Jobs,Books,view,2026-03-28 15:50:48
408,Dune,Books,view,2026-03-28 15:53:31
454,Desk Lamp,Furniture,add_to_cart,2026-03-28 16:26:12
111,Winter Parka,Clothes,view,2026-03-28 16:38:03
446,990v6,Shoes,view,2026-03-28 16:56:05
32,Submariner,Watches,view,2026-03-28 17:26:59
127,Silver Ring,Accessories,view,2026-03-28 17:32:00
124,Leather Belt,Accessories,add_to_cart,2026-03-28 17:36:22
393,Redmi Note 13,Mobile,purchase,2026-03-28 17:42:24
48,Modern Sofa,Furniture,click,2026-03-28 17:48:54
368,Redmi Note 13,Mobile,add_to_cart,2026-03-28 17:54:53
213,Tank Must,Watches,click,2026-03-28 17:56:39
81,Modern Sofa,Furniture,view,2026-03-28 18:20:44
302,Dune,Books,click,2026-03-28 18:33:36
165,Queen Bed,Furniture,view,2026-03-28 18:36:46
140,Queen Bed,Furniture,view,2026-03-28 18:47:23
406,Dune,Books,view,2026-03-28 18:49:25
321,Sheet Mask,Cosmetics,view,2026-03-28 19:24:25
31,Modern Sofa,Furniture,click,2026-03-28 19:29:41
228,Winter Parka,Clothes,add_to_cart,2026-03-28 19:35:44
294,Ultraboost 22,Shoes,view,2026-03-28 19:44:23
445,Silver Ring,Accessories,view,2026-03-28 19:57:40
494,Pixel 8 Pro,Mobile,view,2026-03-28 20:46:19
312,Chef's Knife,Kitchenware,click,2026-03-28 20:59:32
239,ErgoChair,Furniture,view,2026-03-28 21:03:46
433,Vivobook S,Computer,view,2026-03-28 21:13:57
237,Vivobook S,Computer,click,2026-03-28 21:14:38
61,Blender,Kitchenware,view,2026-03-28 21:15:00
259,Tech Backpack,Accessories,view,2026-03-28 21:46:09
56,Submariner,Watches,view,2026-03-28 21:55:47
84,Denim Jacket,Clothes,click,2026-03-28 21:58:35
468,Clean Code,Books,purchase,2026-03-28 22:17:00
248,Sapiens,Books,view,2026-03-28 22:46:20
228,Cargo Pants,Clothes,view,2026-03-28 22:50:41
442,Air Fryer,Kitchenware,add_to_cart,2026-03-28 22:58:12
313,Vase,Furniture,purchase,2026-03-28 23:17:13
305,MacBook Air M3,Computer,view,2026-03-28 23:31:58
253,Tech Backpack,Accessories,purchase,2026-03-28 23:36:00
128,Seiko 5 Sport,Watches,add_to_cart,2026-03-28 23:52:34
219,Blender,Kitchenware,purchase,2026-03-29 00:01:07
58,Windbreaker,Sportswear,view,2026-03-29 00:10:03
158,Seiko 5 Sport,Watches,view,2026-03-29 00:15:55
278,Tissot Le Locle,Watches,view,2026-03-29 00:26:01
442,Pressure Cooker,Kitchenware,view,2026-03-29 00:36:02
391,Cloud 5,Shoes,view,2026-03-29 00:38:23
476,Cotton Beanie,Accessories,view,2026-03-29 00:50:49
72,990v6,Shoes,view,2026-03-29 01:01:05
278,Cargo Pants,Clothes,view,2026-03-29 01:06:50
207,Perfume No.5,Cosmetics,click,2026-03-29 01:16:53
291,Chuck 70,Shoes,view,2026-03-29 01:38:10
481,Cloud 5,Shoes,view,2026-03-29 02:02:49
499,Vase,Furniture,view,2026-03-29 02:03:32
426,Foundation Pro,Cosmetics,add_to_cart,2026-03-29 02:27:13
134,ROG Zephyrus G14,Computer,click,2026-03-29 02:28:16
278,F91W,Watches,add_to_cart,2026-03-29 03:10:58
136,OnePlus 12,Mobile,view,2026-03-29 03:27:23
59,Old Skool,Shoes,view,2026-03-29 03:38:02
485,Clean Code,Books,click,2026-03-29 03:38:06
237,Surface Laptop 5,Computer,view,2026-03-29 03:39:21
455,Sheet Mask,Cosmetics,purchase,2026-03-29 03:53:42
221,Wayfarer,Accessories,add_to_cart,2026-03-29 03:53:53
81,ErgoChair,Furniture,view,2026-03-29 03:56:29
314,F91W,Watches,click,2026-03-29 04:22:43
170,MacBook Air M3,Computer,view,2026-03-29 04:29:40
178,iPhone 15 Pro,Mobile,add_to_cart,2026-03-29 04:47:32
188,Kettle,Kitchenware,view,2026-03-29 04:49:22
197,Steve Jobs,Books,view,2026-03-29 04:52:48
366,Foundation Pro,Cosmetics,click,2026-03-29 05:04:18
16,Steve Jobs,Books,view,2026-03-29 05:25:18
267,Ultraboost 22,Shoes,view,2026-03-29 05:30:32
310,Cloud 5,Shoes,view,2026-03-29 05:34:59
133,Chuck 70,Shoes,view,2026-03-29 05:45:43
373,Cloud 5,Shoes,click,2026-03-29 05:59:43
62,Queen Bed,Furniture,click,2026-03-29 06:06:25
355,Winter Parka,Clothes,click,2026-03-29 06:17:51
93,Nothing Phone 2,Mobile,view,2026-03-29 06:27:55
61,Windbreaker,Sportswear,view,2026-03-29 06:49:40
494,Pixel 8 Pro,Mobile,add_to_cart,2026-03-29 06:52:47
307,Sheet Mask,Cosmetics,click,2026-03-29 07:02:30
64,Cast Iron Skillet,Kitchenware,view,2026-03-29 07:14:11
346,Matte Lipstick,Cosmetics,click,2026-03-29 07:14:43
77,Leather Belt,Accessories,click,2026-03-29 07:32:59
334,Long Lash Mascara,Cosmetics,view,2026-03-29 07:38:21
187,Denim Jacket,Clothes,click,2026-03-29 07:48:52
247,1984,Books,view,2026-03-29 07:56:59
189,Classic White Tee,Clothes,click,2026-03-29 08:02:23
423,Oxford Shirt,Clothes,view,2026-03-29 08:18:50
466,Naked Palette,Cosmetics,click,2026-03-29 08:27:20
32,iPhone 15 Pro,Mobile,view,2026-03-29 08:59:48
44,Leather Belt,Accessories,view,2026-03-29 09:12:00
171,Clean Code,Books,view,2026-03-29 09:12:13
188,Cast Iron Skillet,Kitchenware,add_to_cart,2026-03-29 09:14:18
259,Winter Parka,Clothes,view,2026-03-29 09:26:25
478,Hoodie,Clothes,click,2026-03-29 09:32:19
271,Pixel 8 Pro,Mobile,view,2026-03-29 09:40:40
156,Gym Bag,Sportswear,view,2026-03-29 09:44:06
199,Redmi Note 13,Mobile,view,2026-03-29 09:54:23
432,Cloud 5,Shoes,view,2026-03-29 09:54:47
169,Vase,Furniture,add_to_cart,2026-03-29 10:03:40
405,ErgoChair,Furniture,click,2026-03-29 10:12:04
300,Blender,Kitchenware,view,2026-03-29 10:25:36
178,Galaxy S24 Ultra,Mobile,view,2026-03-29 10:31:11
299,Galaxy S24 Ultra,Mobile,add_to_cart,2026-03-29 10:38:42
404,Naked Palette,Cosmetics,click,2026-03-29 10:44:07
202,Hoodie,Clothes,view,2026-03-29 11:11:06
377,Cargo Pants,Clothes,view,2026-03-29 11:20:00
265,Yoga Pants,Sportswear,view,2026-03-29 11:27:14
173,Oxford Shirt,Clothes,view,2026-03-29 11:31:37
438,Silk Scarf,Clothes,add_to_cart,2026-03-29 11:40:07
474,The Great Gatsby,Books,view,2026-03-29 11:48:28
121,Leather Wallet,Accessories,click,2026-03-29 12:03:42
13,Stand Mixer,Kitchenware,view,2026-03-29 12:11:54
348,Perfume No.5,Cosmetics,view,2026-03-29 12:36:51
339,Pixel 8 Pro,Mobile,click,2026-03-29 12:37:33
48,Foundation Pro,Cosmetics,click,2026-03-29 12:39:20
453,Tech Backpack,Accessories,view,2026-03-29 12:42:30
401,Apple Watch S9,Watches,view,2026-03-29 12:53:14
324,Tank Must,Watches,view,2026-03-29 12:57:12
38,Winter Parka,Clothes,view,2026-03-29 13:10:15
262,Classic Leather,Shoes,view,2026-03-29 13:30:35
77,Wayfarer,Accessories,add_to_cart,2026-03-29 14:18:19
39,Capsule Umberella,Accessories,click,2026-03-29 14:22:42
478,Classic White Tee,Clothes,view,2026-03-29 14:29:20
239,Bookshelf,Furniture,click,2026-03-29 14:33:18
375,Old Skool,Shoes,view,2026-03-29 14:50:51
160,Z Flip 5,Mobile,view,2026-03-29 14:55:50
143,Leather Belt,Accessories,view,2026-03-29 15:02:02
47,Tech Backpack,Accessories,click,2026-03-29 15:03:19
62,OnePlus 12,Mobile,purchase,2026-03-29 15:07:14
320,Z Flip 5,Mobile,view,2026-03-29 15:09:42
126,1984,Books,view,2026-03-29 15:22:39
11,Hoodie,Clothes,view,2026-03-29 15:49:12
337,Gym Bag,Sportswear,add_to_cart,2026-03-29 16:00:18
378,Leather Belt,Accessories,view,2026-03-29 16:03:01
351,990v6,Shoes,view,2026-03-29 16:12:59
143,Capsule Umberella,Accessories,click,2026-03-29 16:13:20
131,Steve Jobs,Books,view,2026-03-29 16:16:20
85,Tech Backpack,Accessories,view,2026-03-29 16:46:38
486,Clyde All-Pro,Shoes,click,2026-03-29 16:51:19
224,Queen Bed,Furniture,view,2026-03-29 16:55:33
317,Surface Laptop 5,Computer,view,2026-03-29 16:58:07
167,Air Max 270,Shoes,view,2026-03-29 17:03:29
192,Queen Bed,Furniture,view,2026-03-29 17:10:28
348,Cast Iron Skillet,Kitchenware,click,2026-03-29 17:45:31
446,OnePlus 12,Mobile,view,2026-03-29 17:47:50
432,Galaxy S24 Ultra,Mobile,add_to_cart,2026-03-29 17:48:18
118,ROG Zephyrus G14,Computer,purchase,2026-03-29 18:13:49
183,Sunscreen 50+,Cosmetics,click,2026-03-29 18:14:45
85,Silver Ring,Accessories,view,2026-03-29 18:25:32
324,Seamaster,Watches,view,2026-03-29 18:37:52
480,Blender,Kitchenware,view,2026-03-29 18:41:29
460,MacBook Air M3,Computer,view,2026-03-29 18:51:38
156,Long Lash Mascara,Cosmetics,add_to_cart,2026-03-29 18:58:23
38,Silk Scarf,Clothes,click,2026-03-29 19:17:00
245,Capsule Umberella,Accessories,view,2026-03-29 19:19:06
333,Toaster,Kitchenware,view,2026-03-29 19:26:09
414,ThinkPad X1 Carbon,Computer,click,2026-03-29 19:33:44
397,Dri-FIT Tee,Sportswear,click,2026-03-29 20:07:42
203,Seiko 5 Sport,Watches,add_to_cart,2026-03-29 21:07:40
443,Dining Chair,Furniture,click,2026-03-29 21:10:58
305,Sunscreen 50+,Cosmetics,view,2026-03-29 21:11:44
184,ThinkPad X1 Carbon,Computer,view,2026-03-29 21:15:17
34,Blender,Kitchenware,click,2026-03-29 21:24:25
460,Surface Laptop 5,Computer,view,2026-03-29 21:32:20
249,Coffee Table,Furniture,view,2026-03-29 21:42:59
446,Stand Mixer,Kitchenware,click,2026-03-29 22:00:17
35,Slim Fit Jeans,Clothes,click,2026-03-29 22:07:20
169,Sunscreen 50+,Cosmetics,view,2026-03-29 22:08:04
285,Dri-FIT Tee,Sportswear,view,2026-03-29 22:24:17
189,Seamaster,Watches,click,2026-03-29 22:33:36
429,Yoga Pants,Sportswear,click,2026-03-29 22:43:45
336,Chef's Knife,Kitchenware,view,2026-03-29 23:38:04
401,Blender,Kitchenware,view,2026-03-29 23:40:04
275,Seiko 5 Sport,Watches,add_to_cart,2026-03-29 23:48:07
158,Pavilion 15,Computer,view,2026-03-29 23:52:26
309,Cloud 5,Shoes,click,2026-03-29 23:52:50
45,Clean Code,Books,view,2026-03-29 23:55:48
96,Coffee Table,Furniture,view,2026-03-29 23:58:59
316,F91W,Watches,view,2026-03-30 00:15:02
57,Silver Ring,Accessories,view,2026-03-30 00:20:28
278,G-Shock DW5600,Watches,view,2026-03-30 00:30:03
167,Long Lash Mascara,Cosmetics,add_to_cart,2026-03-30 00:45:49
309,ROG Zephyrus G14,Computer,view,2026-03-30 00:47:54
270,Kettle,Kitchenware,view,2026-03-30 00:58:59
32,Redmi Note 13,Mobile,view,2026-03-30 01:01:03
381,Tank Must,Watches,view,2026-03-30 01:06:05
98,Long Lash Mascara,Cosmetics,view,2026-03-30 01:50:57
164,Chuck 70,Shoes,view,2026-03-30 01:51:00
459,Apple Watch S9,Watches,add_to_cart,2026-03-30 01:54:19
483,Oxford Shirt,Clothes,view,2026-03-30 01:55:49
240,ROG Zephyrus G14,Computer,purchase,2026-03-30 01:59:32
178,Xperia 1 V,Mobile,view,2026-03-30 02:03:04
99,Silk Scarf,Clothes,click,2026-03-30 02:05:56
291,Air Max 270,Shoes,view,2026-03-30 02:06:58
75,Classic White Tee,Clothes,click,2026-03-30 02:10:32
369,MacBook Air M3,Computer,click,2026-03-30 02:19:51
300,Ultraboost 22,Shoes,add_to_cart,2026-03-30 02:29:24
46,Pavilion 15,Computer,view,2026-03-30 02:53:15
453,Wayfarer,Accessories,click,2026-03-30 02:59:22
284,Atomic Habits,Books,view,2026-03-30 03:00:19
63,Apple Watch S9,Watches,click,2026-03-30 03:01:24
212,Winter Parka,Clothes,view,2026-03-30 03:06:16
313,Cast Iron Skillet,Kitchenware,view,2026-03-30 03:57:17
251,Silver Ring,Accessories,view,2026-03-30 04:07:50
461,990v6,Shoes,purchase,2026-03-30 04:15:33
220,Air Fryer,Kitchenware,add_to_cart,2026-03-30 04:32:51
392,Desk Lamp,Furniture,view,2026-03-30 05:24:58
214,Sunscreen 50+,Cosmetics,view,2026-03-30 05:33:19
360,Wayfarer,Accessories,view,2026-03-30 05:38:28
98,Naked Palette,Cosmetics,click,2026-03-30 05:54:19
58,Dri-FIT Tee,Sportswear,click,2026-03-30 05:57:50
116,Windbreaker,Sportswear,view,2026-03-30 06:13:52
135,Sheet Mask,Cosmetics,click,2026-03-30 06:28:35
459,Desk Lamp,Furniture,add_to_cart,2026-03-30 06:42:47
421,Dining Chair,Furniture,add_to_cart,2026-03-30 07:04:24
129,Stand Mixer,Kitchenware,click,2026-03-30 07:09:36
245,Silver Ring,Accessories,view,2026-03-30 07:32:05
236,Nothing Phone 2,Mobile,view,2026-03-30 07:33:18
488,Vivobook S,Computer,view,2026-03-30 07:44:34
309,Ultraboost 22,Shoes,click,2026-03-30 07:50:39
428,Naked Palette,Cosmetics,view,2026-03-30 08:04:16
190,Chuck 70,Shoes,view,2026-03-30 08:13:11
387,Sunscreen 50+,Cosmetics,view,2026-03-30 08:15:03
454,Vase,Furniture,purchase,2026-03-30 08:17:32
280,Blender,Kitchenware,click,2026-03-30 08:42:32
80,Tissot Le Locle,Watches,view,2026-03-30 08:45:19
157,Tech Backpack,Accessories,view,2026-03-30 08:55:19
218,Yoga Pants,Sportswear,view,2026-03-30 08:59:00
131,Naked Palette,Cosmetics,view,2026-03-30 09:21:50
448,Sheet Mask,Cosmetics,add_to_cart,2026-03-30 09:28:53
457,Surface Laptop 5,Computer,view,2026-03-30 09:30:03
331,Old Skool,Shoes,view,2026-03-30 09:37:06
195,Redmi Note 13,Mobile,view,2026-03-30 09:47:04
438,Oxford Shirt,Clothes,click,2026-03-30 09:47:24
387,Z Flip 5,Mobile,click,2026-03-30 09:57:09
207,Old Skool,Shoes,view,2026-03-30 10:02:22
53,Razer Blade 15,Computer,add_to_cart,2026-03-30 10:04:53
327,Clyde All-Pro,Shoes,click,2026-03-30 10:12:00
103,Sapiens,Books,click,2026-03-30 10:14:44
282,Bookshelf,Furniture,view,2026-03-30 10:15:43
365,Tissot Le Locle,Watches,view,2026-03-30 10:22:06
298,Slim Fit Jeans,Clothes,click,2026-03-30 10:33:37
498,Queen Bed,Furniture,view,2026-03-30 10:48:35
386,Queen Bed,Furniture,view,2026-03-30 11:08:40
337,Sports Bra,Sportswear,view,2026-03-30 11:10:16
97,Classic Leather,Shoes,click,2026-03-30 11:17:38
58,Classic White Tee,Clothes,view,2026-03-30 11:18:28
139,F91W,Watches,click,2026-03-30 11:42:26
424,Sheet Mask,Cosmetics,view,2026-03-30 12:19:43
205,990v6,Shoes,add_to_cart,2026-03-30 12:21:01
120,990v6,Shoes,view,2026-03-30 12:25:24
246,Winter Parka,Clothes,add_to_cart,2026-03-30 12:26:45
360,Hoodie,Clothes,add_to_cart,2026-03-30 12:26:49
190,Old Skool,Shoes,add_to_cart,2026-03-30 13:02:55
295,Stand Mixer,Kitchenware,click,2026-03-30 13:28:13
75,Classic White Tee,Clothes,view,2026-03-30 13:45:35
486,Chuck 70,Shoes,view,2026-03-30 13:53:14
321,Sunscreen 50+,Cosmetics,click,2026-03-30 14:15:08
79,XPS 13,Computer,add_to_cart,2026-03-30 14:15:54
322,Classic Leather,Shoes,view,2026-03-30 14:42:51
426,Dri-FIT Tee,Sportswear,view,2026-03-30 15:04:00
230,Sunscreen 50+,Cosmetics,click,2026-03-30 15:08:20
58,Xperia 1 V,Mobile,click,2026-03-30 16:14:09
236,Pavilion 15,Computer,add_to_cart,2026-03-30 16:20:24
498,Bookshelf,Furniture,click,2026-03-30 16:23:38
178,1984,Books,view,2026-03-30 16:24:50
391,G-Shock DW5600,Watches,view,2026-03-30 16:42:10
280,Slim Fit Jeans,Clothes,view,2026-03-30 16:59:25
347,Modern Sofa,Furniture,click,2026-03-30 17:02:10
433,Surface Laptop 5,Computer,view,2026-03-30 17:20:27
314,F91W,Watches,add_to_cart,2026-03-30 17:20:39
73,iPhone 15 Pro,Mobile,view,2026-03-30 17:23:08
402,The Great Gatsby,Books,add_to_cart,2026-03-30 17:37:38
193,Cloud 5,Shoes,view,2026-03-30 17:45:25
444,Classic White Tee,Clothes,click,2026-03-30 17:52:24
203,Razer Blade 15,Computer,add_to_cart,2026-03-30 18:21:56
287,MacBook Air M3,Computer,click,2026-03-30 19:13:59
135,Ultraboost 22,Shoes,view,2026-03-30 19:19:26
171,Cloud 5,Shoes,view,2026-03-30 19:30:27
213,Wayfarer,Accessories,add_to_cart,2026-03-30 19:36:12
233,OnePlus 12,Mobile,purchase,2026-03-30 19:45:09
454,Modern Sofa,Furniture,click,2026-03-30 19:48:53
340,Hoodie,Clothes,add_to_cart,2026-03-30 19:59:37
448,Matte Lipstick,Cosmetics,view,2026-03-30 20:19:26
453,Tech Backpack,Accessories,purchase,2026-03-30 20:24:23
232,Ultraboost 22,Shoes,add_to_cart,2026-03-30 20:27:00
273,Dri-FIT Tee,Sportswear,view,2026-03-30 20:35:34
198,Redmi Note 13,Mobile,view,2026-03-30 20:35:39
370,Winter Parka,Clothes,click,2026-03-30 20:42:05
357,Pixel 8 Pro,Mobile,view,2026-03-30 20:45:37
131,Sapiens,Books,add_to_cart,2026-03-30 21:03:55
26,Dri-FIT Tee,Sportswear,view,2026-03-30 21:07:59
346,Dri-FIT Tee,Sportswear,view,2026-03-30 21:09:49
436,MacBook Air M3,Computer,view,2026-03-30 21:20:05
119,Clyde All-Pro,Shoes,click,2026-03-30 21:24:48
116,Vase,Furniture,view,2026-03-30 21:36:01
100,Vase,Furniture,purchase,2026-03-30 21:36:55
64,Leather Belt,Accessories,add_to_cart,2026-03-30 21:37:46
12,Pixel 8 Pro,Mobile,view,2026-03-30 22:08:07
89,Atomic Habits,Books,add_to_cart,2026-03-30 22:15:12
289,Chuck 70,Shoes,add_to_cart,2026-03-30 22:15:28
380,Air Fryer,Kitchenware,view,2026-03-30 22:15:52
338,Cotton Beanie,Accessories,view,2026-03-30 22:32:55
96,Clyde All-Pro,Shoes,add_to_cart,2026-03-30 22:41:19
68,Foundation Pro,Cosmetics,view,2026-03-30 22:46:45
477,Pixel 8 Pro,Mobile,click,2026-03-30 22:49:10
222,Xperia 1 V,Mobile,view,2026-03-30 22:51:23
490,Air Max 270,Shoes,view,2026-03-30 23:05:26
259,Kettle,Kitchenware,purchase,2026-03-30 23:05:39
34,Toaster,Kitchenware,click,2026-03-30 23:06:20
120,Xperia 1 V,Mobile,view,2026-03-30 23:10:17
49,Xperia 1 V,Mobile,view,2026-03-30 23:59:43
133,Sheet Mask,Cosmetics,click,2026-03-31 00:02:19
303,Stand Mixer,Kitchenware,add_to_cart,2026-03-31 00:04:37
177,Seamaster,Watches,click,2026-03-31 00:04:38
377,Classic White Tee,Clothes,click,2026-03-31 00:13:54
472,Apple Watch S9,Watches,view,2026-03-31 00:29:14
116,Compression Tights,Sportswear,view,2026-03-31 00:42:27
7,Oxford Shirt,Clothes,view,2026-03-31 00:42:41
62,Classic White Tee,Clothes,click,2026-03-31 00:51:26
411,Dune,Books,add_to_cart,2026-03-31 02:11:09
170,Sheet Mask,Cosmetics,view,2026-03-31 02:26:04
283,Capsule Umberella,Accessories,view,2026-03-31 02:36:47
312,Pressure Cooker,Kitchenware,add_to_cart,2026-03-31 02:55:59
256,Leather Belt,Accessories,view,2026-03-31 02:59:31
127,Tech Backpack,Accessories,click,2026-03-31 02:59:56
441,OnePlus 12,Mobile,view,2026-03-31 03:33:02
208,Desk Lamp,Furniture,add_to_cart,2026-03-31 03:44:16
125,Compression Tights,Sportswear,view,2026-03-31 04:07:37
95,Silver Ring,Accessories,view,2026-03-31 04:20:46
462,MacBook Air M3,Computer,click,2026-03-31 04:26:14
353,Harry Potter 1,Books,view,2026-03-31 04:33:20
433,Yoga Pants,Sportswear,view,2026-03-31 04:38:48
250,Classic Leather,Shoes,click,2026-03-31 04:41:26
426,990v6,Shoes,purchase,2026-03-31 04:56:39
71,Dri-FIT Tee,Sportswear,click,2026-03-31 05:20:04
416,Harry Potter 1,Books,view,2026-03-31 05:42:06
448,Capsule Umberella,Accessories,click,2026-03-31 05:45:24
226,Bookshelf,Furniture,view,2026-03-31 05:48:39
243,Chuck 70,Shoes,view,2026-03-31 06:02:44
338,Silver Ring,Accessories,click,2026-03-31 06:04:19
447,Pavilion 15,Computer,view,2026-03-31 06:09:21
349,Atomic Habits,Books,view,2026-03-31 06:13:00
24,Silk Scarf,Clothes,view,2026-03-31 06:15:15
487,Submariner,Watches,click,2026-03-31 06:15:48
455,Redmi Note 13,Mobile,view,2026-03-31 06:25:55
436,Razer Blade 15,Computer,view,2026-03-31 06:28:04
372,OnePlus 12,Mobile,click,2026-03-31 07:00:49
31,Queen Bed,Furniture,click,2026-03-31 07:06:44
373,Leather Wallet,Accessories,view,2026-03-31 07:15:40
54,Pixel 8 Pro,Mobile,view,2026-03-31 07:20:59
291,Classic Leather,Shoes,view,2026-03-31 07:38:20
441,Classic White Tee,Clothes,view,2026-03-31 07:47:25
296,Compression Tights,Sportswear,click,2026-03-31 08:24:58
37,Coffee Table,Furniture,view,2026-03-31 08:25:50
430,Running Shorts,Sportswear,view,2026-03-31 08:33:26
428,Sunscreen 50+,Cosmetics,click,2026-03-31 08:51:09
216,Kettle,Kitchenware,view,2026-03-31 08:52:15
36,1984,Books,view,2026-03-31 09:10:51
358,The Great Gatsby,Books,view,2026-03-31 09:37:53
11,Oxford Shirt,Clothes,click,2026-03-31 09:42:22
116,Running Shorts,Sportswear,add_to_cart,2026-03-31 09:43:59
227,Chuck 70,Shoes,view,2026-03-31 09:58:21
12,Z Flip 5,Mobile,view,2026-03-31 10:05:05
388,Nothing Phone 2,Mobile,view,2026-03-31 10:14:07
173,Wayfarer,Accessories,view,2026-03-31 10:19:33
165,Perfume No.5,Cosmetics,click,2026-03-31 11:07:59
276,Cargo Pants,Clothes,view,2026-03-31 11:19:28
169,Perfume No.5,Cosmetics,add_to_cart,2026-03-31 11:22:59
385,Hoodie,Clothes,view,2026-03-31 11:35:52
341,Clean Code,Books,view,2026-03-31 11:44:53
418,Tracksuit,Sportswear,click,2026-03-31 12:11:39
62,Air Max 270,Shoes,view,2026-03-31 12:19:26
476,Leather Belt,Accessories,add_to_cart,2026-03-31 12:23:26
228,Classic White Tee,Clothes,click,2026-03-31 12:31:03
297,Pavilion 15,Computer,view,2026-03-31 12:44:42
232,ThinkPad X1 Carbon,Computer,view,2026-03-31 13:16:28
360,Tech Backpack,Accessories,click,2026-03-31 13:23:04
225,990v6,Shoes,view,2026-03-31 13:24:22
15,Silk Tie,Accessories,click,2026-03-31 13:29:36
305,Surface Laptop 5,Computer,view,2026-03-31 13:51:58
23,F91W,Watches,add_to_cart,2026-03-31 13:59:51
204,Steve Jobs,Books,view,2026-03-31 14:02:12
260,Seiko 5 Sport,Watches,purchase,2026-03-31 14:07:48
449,Foundation Pro,Cosmetics,view,2026-03-31 14:12:25
112,Foundation Pro,Cosmetics,add_to_cart,2026-03-31 14:15:44
108,Air Max 270,Shoes,view,2026-03-31 14:25:26
163,Classic White Tee,Clothes,click,2026-03-31 14:34:00
181,Vivobook S,Computer,add_to_cart,2026-03-31 14:43:07
28,Modern Sofa,Furniture,view,2026-03-31 15:20:01
401,Seiko 5 Sport,Watches,click,2026-03-31 15:23:12
483,Slim Fit Jeans,Clothes,purchase,2026-03-31 15:23:52
169,Slim Fit Jeans,Clothes,click,2026-03-31 15:24:27
302,Naked Palette,Cosmetics,view,2026-03-31 15:25:45
97,Cloud 5,Shoes,click,2026-03-31 15:35:18
406,Surface Laptop 5,Computer,add_to_cart,2026-03-31 15:39:03
381,Apple Watch S9,Watches,view,2026-03-31 15:41:08
420,Pixel 8 Pro,Mobile,view,2026-03-31 15:49:38
430,Apple Watch S9,Watches,view,2026-03-31 16:09:54
385,The Great Gatsby,Books,view,2026-03-31 16:35:06
78,Chef's Knife,Kitchenware,add_to_cart,2026-03-31 16:40:41
464,Naked Palette,Cosmetics,view,2026-03-31 17:24:04
57,Air Fryer,Kitchenware,click,2026-03-31 17:36:30
36,Dune,Books,add_to_cart,2026-03-31 17:39:09
242,Queen Bed,Furniture,click,2026-03-31 17:45:10
106,Seiko 5 Sport,Watches,view,2026-03-31 17:53:45
263,Naked Palette,Cosmetics,click,2026-03-31 17:58:10
151,Dining Chair,Furniture,click,2026-03-31 18:49:30
176,Denim Jacket,Clothes,add_to_cart,2026-03-31 19:02:13
1,Perfume No.5,Cosmetics,add_to_cart,2026-03-31 19:03:09
183,Blender,Kitchenware,add_to_cart,2026-03-31 19:04:18
469,Long Lash Mascara,Cosmetics,view,2026-03-31 19:38:39
321,Sunscreen 50+,Cosmetics,purchase,2026-03-31 19:44:43
67,Tissot Le Locle,Watches,view,2026-03-31 19:46:35
79,Silk Scarf,Clothes,view,2026-03-31 20:29:36
199,Air Fryer,Kitchenware,view,2026-03-31 20:33:51
223,Matte Lipstick,Cosmetics,view,2026-03-31 20:34:39
297,Sheet Mask,Cosmetics,click,2026-03-31 20:41:42
78,Long Lash Mascara,Cosmetics,purchase,2026-03-31 20:48:35
114,Capsule Umberella,Accessories,click,2026-03-31 20:56:50
163,Razer Blade 15,Computer,click,2026-03-31 21:05:47
154,Cargo Pants,Clothes,view,2026-03-31 21:06:33
51,1984,Books,click,2026-03-31 21:11:59
65,ThinkPad X1 Carbon,Computer,view,2026-03-31 21:19:39
96,ErgoChair,Furniture,purchase,2026-03-31 21:29:15
363,Dri-FIT Tee,Sportswear,click,2026-03-31 21:56:16
364,Galaxy S24 Ultra,Mobile,click,2026-03-31 22:37:50
118,Chuck 70,Shoes,add_to_cart,2026-03-31 23:11:37
343,Oxford Shirt,Clothes,view,2026-03-31 23:18:58
16,Harry Potter 1,Books,view,2026-03-31 23:19:54
355,Tech Backpack,Accessories,click,2026-04-01 00:08:43
487,Seamaster,Watches,view,2026-04-01 00:39:39
258,Tracksuit,Sportswear,add_to_cart,2026-04-01 00:44:48
460,Desk Lamp,Furniture,view,2026-04-01 01:03:32
4,Vivobook S,Computer,click,2026-04-01 01:04:54
295,Classic Leather,Shoes,view,2026-04-01 01:12:38
131,Clean Code,Books,view,2026-04-01 01:14:49
404,Vivobook S,Computer,click,2026-04-01 01:23:51
244,OnePlus 12,Mobile,view,2026-04-01 01:35:34
73,iPhone 15 Pro,Mobile,click,2026-04-01 01:47:34
210,Naked Palette,Cosmetics,view,2026-04-01 01:56:27
478,Oxford Shirt,Clothes,view,2026-04-01 01:57:10
383,Naked Palette,Cosmetics,view,2026-04-01 02:01:44
132,Silver Ring,Accessories,view,2026-04-01 02:08:58
21,Pressure Cooker,Kitchenware,view,2026-04-01 02:31:56
87,Foundation Pro,Cosmetics,view,2026-04-01 02:32:50
168,Razer Blade 15,Computer,view,2026-04-01 02:37:44
215,Tank Must,Watches,view,2026-04-01 03:01:12
410,Surface Laptop 5,Computer,add_to_cart,2026-04-01 03:07:49
128,Tissot Le Locle,Watches,view,2026-04-01 03:09:00
76,Z Flip 5,Mobile,view,2026-04-01 03:16:20
340,Classic White Tee,Clothes,click,2026-04-01 03:25:29
306,Naked Palette,Cosmetics,add_to_cart,2026-04-01 03:28:54
35,Wayfarer,Accessories,view,2026-04-01 03:34:01
373,Clyde All-Pro,Shoes,view,2026-04-01 03:37:00
411,Atomic Habits,Books,view,2026-04-01 03:47:30
472,Tank Must,Watches,view,2026-04-01 03:48:10
6,Cotton Beanie,Accessories,click,2026-04-01 03:48:53
125,Tracksuit,Sportswear,view,2026-04-01 03:56:15
90,Leather Belt,Accessories,purchase,2026-04-01 04:03:17
349,Apple Watch S9,Watches,view,2026-04-01 04:20:31
451,F91W,Watches,purchase,2026-04-01 04:23:27
466,Tank Must,Watches,view,2026-04-01 04:39:44
372,Xperia 1 V,Mobile,add_to_cart,2026-04-01 04:52:08
228,Silk Scarf,Clothes,view,2026-04-01 04:53:52
425,Silk Tie,Accessories,view,2026-04-01 05:17:31
458,Classic White Tee,Clothes,click,2026-04-01 05:39:54
51,Kettle,Kitchenware,view,2026-04-01 05:59:08
131,Harry Potter 1,Books,view,2026-04-01 06:15:28
197,Dune,Books,view,2026-04-01 06:18:02
336,Stand Mixer,Kitchenware,add_to_cart,2026-04-01 06:44:40
268,Vase,Furniture,view,2026-04-01 06:45:43
274,Pixel 8 Pro,Mobile,click,2026-04-01 06:51:09
267,Harry Potter 1,Books,click,2026-04-01 07:09:59
81,MacBook Air M3,Computer,click,2026-04-01 07:19:07
114,Seamaster,Watches,view,2026-04-01 07:34:41
326,Apple Watch S9,Watches,view,2026-04-01 07:57:36
85,Dune,Books,view,2026-04-01 08:02:53
64,Vivobook S,Computer,click,2026-04-01 08:09:03
449,Cargo Pants,Clothes,view,2026-04-01 08:09:42
142,Yoga Pants,Sportswear,view,2026-04-01 08:12:25
307,Classic Leather,Shoes,view,2026-04-01 08:15:37
259,Cotton Beanie,Accessories,view,2026-04-01 08:16:56
280,Hoodie,Clothes,view,2026-04-01 08:22:57
244,Galaxy S24 Ultra,Mobile,view,2026-04-01 08:30:11
487,F91W,Watches,click,2026-04-01 08:53:21
263,Perfume No.5,Cosmetics,view,2026-04-01 08:56:11
471,ErgoChair,Furniture,add_to_cart,2026-04-01 09:21:27
283,Dune,Books,view,2026-04-01 09:38:55
411,Harry Potter 1,Books,view,2026-04-01 09:44:51
41,Silver Ring,Accessories,click,2026-04-01 09:46:17
178,Galaxy S24 Ultra,Mobile,add_to_cart,2026-04-01 09:46:30
477,Redmi Note 13,Mobile,view,2026-04-01 10:02:54
475,Leather Wallet,Accessories,purchase,2026-04-01 10:07:28
23,Steve Jobs,Books,purchase,2026-04-01 10:34:07
214,Naked Palette,Cosmetics,view,2026-04-01 10:52:13
418,Yoga Pants,Sportswear,view,2026-04-01 10:52:32
381,Apple Watch S9,Watches,click,2026-04-01 10:56:15
238,Windbreaker,Sportswear,click,2026-04-01 10:57:52
115,Clyde All-Pro,Shoes,click,2026-04-01 11:02:05
392,Tech Backpack,Accessories,view,2026-04-01 11:11:16
219,Blender,Kitchenware,purchase,2026-04-01 11:13:15
153,Air Fryer,Kitchenware,add_to_cart,2026-04-01 11:13:55
206,Sheet Mask,Cosmetics,view,2026-04-01 11:15:46
57,Running Shorts,Sportswear,view,2026-04-01 11:20:22
129,Classic Leather,Shoes,click,2026-04-01 11:25:34
407,Sports Bra,Sportswear,add_to_cart,2026-04-01 11:26:18
246,Steve Jobs,Books,view,2026-04-01 11:53:21
279,Vivobook S,Computer,view,2026-04-01 11:57:24
65,XPS 13,Computer,view,2026-04-01 12:04:38
128,G-Shock DW5600,Watches,add_to_cart,2026-04-01 12:27:19
478,Cargo Pants,Clothes,view,2026-04-01 12:28:01
326,Razer Blade 15,Computer,view,2026-04-01 12:28:08
340,Silk Scarf,Clothes,view,2026-04-01 12:28:18
344,Denim Jacket,Clothes,view,2026-04-01 12:38:09
154,Silk Scarf,Clothes,view,2026-04-01 12:44:26
67,Galaxy S24 Ultra,Mobile,view,2026-04-01 13:27:34
228,Hoodie,Clothes,view,2026-04-01 13:30:55
201,Pixel 8 Pro,Mobile,view,2026-04-01 13:32:03
207,Naked Palette,Cosmetics,view,2026-04-01 13:47:43
106,Tissot Le Locle,Watches,view,2026-04-01 13:51:00
28,Wayfarer,Accessories,view,2026-04-01 14:13:23
9,Windbreaker,Sportswear,view,2026-04-01 14:16:32
143,Silver Ring,Accessories,view,2026-04-01 14:23:18
335,990v6,Shoes,click,2026-04-01 14:23:20
179,Razer Blade 15,Computer,click,2026-04-01 14:26:31
104,Xperia 1 V,Mobile,view,2026-04-01 14:55:12
268,iPhone 15 Pro,Mobile,view,2026-04-01 15:10:26
416,Pressure Cooker,Kitchenware,click,2026-04-01 15:11:17
321,Sheet Mask,Cosmetics,add_to_cart,2026-04-01 15:17:36
397,Gym Bag,Sportswear,click,2026-04-01 15:21:57
480,Dining Chair,Furniture,view,2026-04-01 15:27:35
43,Cloud 5,Shoes,view,2026-04-01 15:35:55
467,OnePlus 12,Mobile,click,2026-04-01 15:53:20
192,Xperia 1 V,Mobile,view,2026-04-01 16:13:38
232,Vivobook S,Computer,add_to_cart,2026-04-01 16:29:23
272,Dune,Books,add_to_cart,2026-04-01 16:29:54
484,Galaxy S24 Ultra,Mobile,view,2026-04-01 16:36:10
71,Running Shorts,Sportswear,view,2026-04-01 16:39:39
60,Queen Bed,Furniture,click,2026-04-01 16:56:08
373,Ultraboost 22,Shoes,click,2026-04-01 17:01:07
86,Hoodie,Clothes,purchase,2026-04-01 17:10:17
326,Seamaster,Watches,add_to_cart,2026-04-01 17:41:47
2,Silk Tie,Accessories,purchase,2026-04-01 17:46:50
282,Queen Bed,Furniture,view,2026-04-01 17:54:35
320,Cloud 5,Shoes,view,2026-04-01 18:09:54
371,Tissot Le Locle,Watches,add_to_cart,2026-04-01 18:25:59
328,Z Flip 5,Mobile,view,2026-04-01 18:59:20
97,Windbreaker,Sportswear,add_to_cart,2026-04-01 19:01:53
389,Foundation Pro,Cosmetics,click,2026-04-01 19:05:25
207,Perfume No.5,Cosmetics,view,2026-04-01 19:20:37
12,Nothing Phone 2,Mobile,click,2026-04-01 19:33:55
462,G-Shock DW5600,Watches,view,2026-04-01 19:43:12
467,Nothing Phone 2,Mobile,view,2026-04-01 19:52:43
341,Classic White Tee,Clothes,view,2026-04-01 19:54:45
181,Surface Laptop 5,Computer,click,2026-04-01 20:07:01
74,Clyde All-Pro,Shoes,view,2026-04-01 20:13:58
13,Sports Bra,Sportswear,view,2026-04-01 20:37:02
366,Chef's Knife,Kitchenware,click,2026-04-01 20:39:55
61,Yoga Pants,Sportswear,add_to_cart,2026-04-01 20:46:40
432,Old Skool,Shoes,view,2026-04-01 20:59:29
437,Xperia 1 V,Mobile,add_to_cart,2026-04-01 21:00:02
353,Pixel 8 Pro,Mobile,click,2026-04-01 21:01:48
243,Cloud 5,Shoes,purchase,2026-04-01 21:23:56
488,ROG Zephyrus G14,Computer,click,2026-04-01 21:45:05
65,Vivobook S,Computer,click,2026-04-01 21:45:32
38,Classic White Tee,Clothes,click,2026-04-01 22:02:25
70,Coffee Table,Furniture,click,2026-04-01 22:16:04
478,Classic White Tee,Clothes,click,2026-04-01 22:36:06
12,Modern Sofa,Furniture,purchase,2026-04-01 22:37:25
44,Running Shorts,Sportswear,view,2026-04-01 22:41:59
229,Silk Scarf,Clothes,click,2026-04-01 22:46:55
423,Slim Fit Jeans,Clothes,view,2026-04-01 23:00:58
152,Classic Leather,Shoes,click,2026-04-01 23:05:38
368,OnePlus 12,Mobile,view,2026-04-01 23:21:38
102,ROG Zephyrus G14,Computer,view,2026-04-01 23:24:19
160,Pixel 8 Pro,Mobile,view,2026-04-01 23:24:48
53,Razer Blade 15,Computer,click,2026-04-01 23:24:59
175,Nothing Phone 2,Mobile,view,2026-04-01 23:29:36
362,The Great Gatsby,Books,click,2026-04-01 23:31:53
130,Kettle,Kitchenware,view,2026-04-01 23:34:30
154,Tank Must,Watches,click,2026-04-01 23:37:51
203,Submariner,Watches,click,2026-04-01 23:56:02
331,Harry Potter 1,Books,view,2026-04-01 23:56:28
31,Z Flip 5,Mobile,click,2026-04-02 00:01:04
111,ROG Zephyrus G14,Computer,add_to_cart,2026-04-02 00:06:50
481,Cloud 5,Shoes,click,2026-04-02 00:15:15
44,Silk Tie,Accessories,view,2026-04-02 00:29:55
140,iPhone 15 Pro,Mobile,add_to_cart,2026-04-02 00:33:40
7,Sunscreen 50+,Cosmetics,view,2026-04-02 00:39:55
132,Tech Backpack,Accessories,add_to_cart,2026-04-02 00:43:04
70,Toaster,Kitchenware,click,2026-04-02 00:46:26
435,Denim Jacket,Clothes,view,2026-04-02 01:14:04
114,Silk Tie,Accessories,view,2026-04-02 02:07:27
120,Sports Bra,Sportswear,view,2026-04-02 02:24:41
79,XPS 13,Computer,view,2026-04-02 02:24:45
217,Pressure Cooker,Kitchenware,click,2026-04-02 02:27:40
202,Denim Jacket,Clothes,view,2026-04-02 02:35:03
285,Pavilion 15,Computer,view,2026-04-02 02:47:03
85,Silver Ring,Accessories,view,2026-04-02 03:06:33
172,Chuck 70,Shoes,view,2026-04-02 03:11:56
465,ROG Zephyrus G14,Computer,view,2026-04-02 03:12:45
498,F91W,Watches,click,2026-04-02 03:25:39
236,F91W,Watches,view,2026-04-02 03:33:12
380,Toaster,Kitchenware,click,2026-04-02 03:37:44
462,Tissot Le Locle,Watches,add_to_cart,2026-04-02 03:45:42
101,Hoodie,Clothes,click,2026-04-02 03:45:42
7,Air Max 270,Shoes,view,2026-04-02 04:10:48
63,Apple Watch S9,Watches,view,2026-04-02 04:18:47
313,Dri-FIT Tee,Sportswear,click,2026-04-02 04:31:21
142,Perfume No.5,Cosmetics,click,2026-04-02 04:33:38
440,Long Lash Mascara,Cosmetics,view,2026-04-02 04:35:33
198,Nothing Phone 2,Mobile,view,2026-04-02 04:39:05
497,Perfume No.5,Cosmetics,view,2026-04-02 05:04:03
413,Surface Laptop 5,Computer,click,2026-04-02 05:20:39
413,ROG Zephyrus G14,Computer,view,2026-04-02 06:09:14
262,Tracksuit,Sportswear,click,2026-04-02 06:29:07
204,Clean Code,Books,click,2026-04-02 06:34:37
185,Windbreaker,Sportswear,add_to_cart,2026-04-02 06:40:04
250,Cloud 5,Shoes,view,2026-04-02 07:20:38
220,Cast Iron Skillet,Kitchenware,view,2026-04-02 07:27:58
325,Xperia 1 V,Mobile,click,2026-04-02 07:38:56
108,Air Max 270,Shoes,view,2026-04-02 07:56:26
413,Vivobook S,Computer,view,2026-04-02 08:01:49
103,1984,Books,click,2026-04-02 08:02:28
244,Xperia 1 V,Mobile,click,2026-04-02 08:03:15
258,Gym Bag,Sportswear,click,2026-04-02 08:12:33
183,Matte Lipstick,Cosmetics,click,2026-04-02 08:14:37
269,Clean Code,Books,view,2026-04-02 08:18:46
263,Xperia 1 V,Mobile,click,2026-04-02 08:19:15
195,iPhone 15 Pro,Mobile,click,2026-04-02 08:20:22
40,Tank Must,Watches,view,2026-04-02 08:25:39
422,Cargo Pants,Clothes,click,2026-04-02 08:53:21
43,Wayfarer,Accessories,purchase,2026-04-02 08:55:48
5,ThinkPad X1 Carbon,Computer,view,2026-04-02 09:33:17
388,Old Skool,Shoes,view,2026-04-02 09:35:28
24,Oxford Shirt,Clothes,view,2026-04-02 09:39:21
105,Sports Bra,Sportswear,click,2026-04-02 09:42:45
229,Classic White Tee,Clothes,view,2026-04-02 09:45:42
415,Pavilion 15,Computer,view,2026-04-02 09:52:33
164,Apple Watch S9,Watches,purchase,2026-04-02 09:55:15
100,Vase,Furniture,click,2026-04-02 10:01:38
76,ErgoChair,Furniture,view,2026-04-02 10:02:24
34,Pressure Cooker,Kitchenware,view,2026-04-02 10:06:57
335,Chuck 70,Shoes,add_to_cart,2026-04-02 10:07:56
325,OnePlus 12,Mobile,click,2026-04-02 10:26:11
274,OnePlus 12,Mobile,view,2026-04-02 10:49:15
63,G-Shock DW5600,Watches,view,2026-04-02 10:52:00
308,Leather Belt,Accessories,view,2026-04-02 11:22:17
209,Air Fryer,Kitchenware,view,2026-04-02 11:35:24
257,Pixel 8 Pro,Mobile,view,2026-04-02 11:55:20
62,Bookshelf,Furniture,add_to_cart,2026-04-02 12:01:27
311,Matte Lipstick,Cosmetics,view,2026-04-02 12:15:30
256,Silk Tie,Accessories,view,2026-04-02 12:38:56
422,Tank Must,Watches,view,2026-04-02 12:42:46
449,Chef's Knife,Kitchenware,click,2026-04-02 12:46:53
3,Stand Mixer,Kitchenware,add_to_cart,2026-04-02 12:57:51
198,Hydrating Serum,Cosmetics,view,2026-04-02 13:13:30
106,Seiko 5 Sport,Watches,add_to_cart,2026-04-02 13:30:22
309,Tissot Le Locle,Watches,click,2026-04-02 13:56:51
205,Pavilion 15,Computer,view,2026-04-02 14:12:41
57,Leather Wallet,Accessories,purchase,2026-04-02 14:13:03
21,F91W,Watches,click,2026-04-02 14:28:48
492,Desk Lamp,Furniture,click,2026-04-02 14:31:57
258,Windbreaker,Sportswear,click,2026-04-02 14:36:40
93,Dune,Books,view,2026-04-02 14:37:47
422,Harry Potter 1,Books,view,2026-04-02 14:41:28
351,The Great Gatsby,Books,add_to_cart,2026-04-02 15:04:19
324,Submariner,Watches,view,2026-04-02 15:06:16
342,Vase,Furniture,click,2026-04-02 15:11:49
359,Silk Scarf,Clothes,view,2026-04-02 15:16:26
456,Wayfarer,Accessories,add_to_cart,2026-04-02 15:23:32
349,Clean Code,Books,click,2026-04-02 15:26:46
382,Coffee Table,Furniture,view,2026-04-02 15:51:30
3,Chef's Knife,Kitchenware,click,2026-04-02 15:54:16
66,Nothing Phone 2,Mobile,click,2026-04-02 15:54:47
458,Winter Parka,Clothes,view,2026-04-02 16:22:55
90,Leather Belt,Accessories,view,2026-04-02 16:24:54
251,Naked Palette,Cosmetics,click,2026-04-02 16:46:13
443,Vivobook S,Computer,view,2026-04-02 17:24:27
49,Classic Leather,Shoes,view,2026-04-02 17:28:13
174,Sunscreen 50+,Cosmetics,click,2026-04-02 17:28:23
375,Clyde All-Pro,Shoes,view,2026-04-02 17:30:15
66,Seamaster,Watches,view,2026-04-02 17:51:19
164,G-Shock DW5600,Watches,view,2026-04-02 17:53:22
266,Desk Lamp,Furniture,click,2026-04-02 17:58:50
283,Foundation Pro,Cosmetics,view,2026-04-02 18:05:58
68,Sunscreen 50+,Cosmetics,view,2026-04-02 18:11:49
417,Atomic Habits,Books,view,2026-04-02 18:32:55
217,Air Fryer,Kitchenware,view,2026-04-02 18:34:25
135,Matte Lipstick,Cosmetics,view,2026-04-02 18:37:26
138,Surface Laptop 5,Computer,view,2026-04-02 18:55:35
401,F91W,Watches,view,2026-04-02 19:04:42
401,Cargo Pants,Clothes,view,2026-04-02 19:09:43
21,Classic Leather,Shoes,click,2026-04-02 19:13:24
492,Queen Bed,Furniture,click,2026-04-02 19:19:45
470,Tank Must,Watches,view,2026-04-02 19:28:43
149,Long Lash Mascara,Cosmetics,view,2026-04-02 19:39:48
143,Leather Wallet,Accessories,view,2026-04-02 19:48:31
61,Dri-FIT Tee,Sportswear,view,2026-04-02 20:14:35
492,Coffee Table,Furniture,view,2026-04-02 20:21:32
167,ErgoChair,Furniture,add_to_cart,2026-04-02 20:26:54
211,Sunscreen 50+,Cosmetics,click,2026-04-02 20:29:17
388,Air Max 270,Shoes,view,2026-04-02 20:39:21
300,Nothing Phone 2,Mobile,click,2026-04-02 21:04:59
137,Slim Fit Jeans,Clothes,view,2026-04-02 21:12:59
425,Silver Ring,Accessories,view,2026-04-02 21:22:32
444,Compression Tights,Sportswear,click,2026-04-02 21:28:08
332,Yoga Pants,Sportswear,click,2026-04-02 21:36:10
247,Tracksuit,Sportswear,click,2026-04-02 21:36:11
43,Silk Tie,Accessories,click,2026-04-02 21:41:35
499,Coffee Table,Furniture,view,2026-04-02 21:45:14
232,Pavilion 15,Computer,view,2026-04-02 21:49:40
150,Tank Must,Watches,click,2026-04-02 21:53:44
305,XPS 13,Computer,add_to_cart,2026-04-02 22:18:44
499,Desk Lamp,Furniture,view,2026-04-02 22:34:59
305,Pavilion 15,Computer,view,2026-04-02 22:48:03
137,Oxford Shirt,Clothes,add_to_cart,2026-04-02 22:59:49
278,Ultraboost 22,Shoes,click,2026-04-02 23:38:45
343,Hoodie,Clothes,view,2026-04-03 00:05:10
479,Cargo Pants,Clothes,view,2026-04-03 00:20:34
93,Clean Code,Books,view,2026-04-03 00:29:53
50,Pavilion 15,Computer,view,2026-04-03 00:40:34
186,Tech Backpack,Accessories,add_to_cart,2026-04-03 00:47:59
75,Classic White Tee,Clothes,click,2026-04-03 00:49:49
102,XPS 13,Computer,click,2026-04-03 01:00:22
480,Toaster,Kitchenware,click,2026-04-03 01:20:12
4,Chef's Knife,Kitchenware,click,2026-04-03 01:35:19
154,Cargo Pants,Clothes,view,2026-04-03 01:47:07
450,XPS 13,Computer,click,2026-04-03 02:00:53
159,Yoga Pants,Sportswear,view,2026-04-03 02:11:47
58,Dri-FIT Tee,Sportswear,click,2026-04-03 02:26:28
417,Naked Palette,Cosmetics,click,2026-04-03 02:40:41
197,Harry Potter 1,Books,purchase,2026-04-03 02:41:55
301,Dining Chair,Furniture,click,2026-04-03 03:07:54
161,Queen Bed,Furniture,view,2026-04-03 03:33:26
110,Silk Scarf,Clothes,view,2026-04-03 03:37:28
213,Cotton Beanie,Accessories,view,2026-04-03 03:46:17
389,Oxford Shirt,Clothes,click,2026-04-03 03:49:38
196,Tracksuit,Sportswear,click,2026-04-03 04:30:44
94,Apple Watch S9,Watches,view,2026-04-03 04:35:39
108,Classic Leather,Shoes,add_to_cart,2026-04-03 04:37:56
366,Cargo Pants,Clothes,add_to_cart,2026-04-03 04:47:48
470,Matte Lipstick,Cosmetics,view,2026-04-03 04:55:33
383,Silk Tie,Accessories,view,2026-04-03 04:56:58
387,Sheet Mask,Cosmetics,view,2026-04-03 05:05:02
245,Tech Backpack,Accessories,click,2026-04-03 05:05:57
496,Dri-FIT Tee,Sportswear,click,2026-04-03 05:13:45
264,Leather Wallet,Accessories,click,2026-04-03 05:31:57
381,Submariner,Watches,view,2026-04-03 06:08:33
267,The Great Gatsby,Books,add_to_cart,2026-04-03 06:21:12
147,Capsule Umberella,Accessories,purchase,2026-04-03 06:41:33
145,Seiko 5 Sport,Watches,view,2026-04-03 07:07:14
193,Cotton Beanie,Accessories,click,2026-04-03 07:32:12
232,ROG Zephyrus G14,Computer,add_to_cart,2026-04-03 07:46:33
424,The Great Gatsby,Books,add_to_cart,2026-04-03 07:59:55
77,Cotton Beanie,Accessories,view,2026-04-03 08:04:37
334,Capsule Umberella,Accessories,add_to_cart,2026-04-03 08:21:11
35,Clean Code,Books,view,2026-04-03 08:28:31
281,Capsule Umberella,Accessories,view,2026-04-03 08:37:14
103,Sapiens,Books,view,2026-04-03 08:38:59
78,1984,Books,click,2026-04-03 08:41:28
145,Tank Must,Watches,click,2026-04-03 08:44:40
118,Apple Watch S9,Watches,click,2026-04-03 09:17:44
160,Nothing Phone 2,Mobile,view,2026-04-03 09:34:30
439,Dining Chair,Furniture,view,2026-04-03 09:50:22
203,Nothing Phone 2,Mobile,view,2026-04-03 09:54:40
489,iPhone 15 Pro,Mobile,view,2026-04-03 10:22:36
119,Toaster,Kitchenware,view,2026-04-03 10:25:53
296,Yoga Pants,Sportswear,view,2026-04-03 10:33:11
379,MacBook Air M3,Computer,purchase,2026-04-03 10:35:44
470,Classic White Tee,Clothes,view,2026-04-03 10:45:30
154,Foundation Pro,Cosmetics,click,2026-04-03 10:51:05
296,Windbreaker,Sportswear,view,2026-04-03 10:54:40
487,Seamaster,Watches,add_to_cart,2026-04-03 10:58:16
219,Toaster,Kitchenware,click,2026-04-03 11:14:51
73,Tank Must,Watches,click,2026-04-03 11:23:36
273,Sports Bra,Sportswear,click,2026-04-03 11:31:02
4,Leather Wallet,Accessories,view,2026-04-03 11:41:52
91,Pixel 8 Pro,Mobile,click,2026-04-03 11:46:33
358,Harry Potter 1,Books,view,2026-04-03 12:02:29
16,Sapiens,Books,click,2026-04-03 12:15:36
182,ThinkPad X1 Carbon,Computer,add_to_cart,2026-04-03 12:16:08
167,Air Fryer,Kitchenware,click,2026-04-03 12:20:44
435,Oxford Shirt,Clothes,add_to_cart,2026-04-03 12:22:50
119,990v6,Shoes,view,2026-04-03 12:42:37
275,Yoga Pants,Sportswear,add_to_cart,2026-04-03 12:43:26
194,Classic Leather,Shoes,view,2026-04-03 12:44:24
354,Vase,Furniture,click,2026-04-03 13:00:17
373,Cotton Beanie,Accessories,view,2026-04-03 13:03:41
287,OnePlus 12,Mobile,view,2026-04-03 13:15:31
139,Sunscreen 50+,Cosmetics,click,2026-04-03 13:35:33
283,Sapiens,Books,view,2026-04-03 13:39:17
71,Sports Bra,Sportswear,click,2026-04-03 13:58:29
342,Bookshelf,Furniture,add_to_cart,2026-04-03 13:58:41
115,Clyde All-Pro,Shoes,click,2026-04-03 14:14:16
263,Cargo Pants,Clothes,view,2026-04-03 14:19:21
124,Cotton Beanie,Accessories,add_to_cart,2026-04-03 14:21:45
323,Classic White Tee,Clothes,click,2026-04-03 14:37:30
145,Apple Watch S9,Watches,view,2026-04-03 14:57:14
277,Foundation Pro,Cosmetics,view,2026-04-03 15:00:43
282,Xperia 1 V,Mobile,view,2026-04-03 15:02:50
429,Capsule Umberella,Accessories,view,2026-04-03 15:05:54
369,ThinkPad X1 Carbon,Computer,purchase,2026-04-03 15:34:58
300,Ultraboost 22,Shoes,view,2026-04-03 15:46:01
78,Dune,Books,add_to_cart,2026-04-03 16:01:29
217,Pressure Cooker,Kitchenware,view,2026-04-03 16:07:44
229,Oxford Shirt,Clothes,click,2026-04-03 16:13:26
93,G-Shock DW5600,Watches,click,2026-04-03 16:27:04
255,Queen Bed,Furniture,view,2026-04-03 16:34:02
11,Cargo Pants,Clothes,purchase,2026-04-03 16:35:58
177,F91W,Watches,click,2026-04-03 16:43:20
270,Apple Watch S9,Watches,view,2026-04-03 17:07:15
138,Tracksuit,Sportswear,click,2026-04-03 17:11:23
377,990v6,Shoes,view,2026-04-03 17:22:43
139,F91W,Watches,click,2026-04-03 17:53:30
458,Hydrating Serum,Cosmetics,view,2026-04-03 18:10:36
281,Harry Potter 1,Books,view,2026-04-03 18:21:54
252,Compression Tights,Sportswear,add_to_cart,2026-04-03 18:37:16
267,1984,Books,view,2026-04-03 18:39:28
149,Sheet Mask,Cosmetics,click,2026-04-03 18:43:15
32,Pixel 8 Pro,Mobile,click,2026-04-03 18:56:21
443,Old Skool,Shoes,click,2026-04-03 18:56:36
467,OnePlus 12,Mobile,click,2026-04-03 19:07:47
147,Desk Lamp,Furniture,view,2026-04-03 20:07:07
129,Stand Mixer,Kitchenware,view,2026-04-03 20:22:12
181,ThinkPad X1 Carbon,Computer,add_to_cart,2026-04-03 20:23:29
18,Compression Tights,Sportswear,view,2026-04-03 20:53:47
289,Old Skool,Shoes,click,2026-04-03 21:02:40
348,ErgoChair,Furniture,add_to_cart,2026-04-03 21:11:23
135,Redmi Note 13,Mobile,view,2026-04-03 21:15:51
451,Tissot Le Locle,Watches,click,2026-04-03 21:35:48
332,Sports Bra,Sportswear,view,2026-04-03 22:04:59
211,Perfume No.5,Cosmetics,click,2026-04-03 22:05:07
156,Cast Iron Skillet,Kitchenware,add_to_cart,2026-04-03 22:12:54
261,Silver Ring,Accessories,click,2026-04-03 22:14:05
47,Cotton Beanie,Accessories,add_to_cart,2026-04-03 22:15:05
303,Long Lash Mascara,Cosmetics,click,2026-04-03 22:21:32
458,Winter Parka,Clothes,click,2026-04-03 22:25:21
255,Harry Potter 1,Books,view,2026-04-03 22:29:18
354,Long Lash Mascara,Cosmetics,view,2026-04-03 23:50:46
53,ROG Zephyrus G14,Computer,view,2026-04-03 23:51:18
218,Compression Tights,Sportswear,view,2026-04-04 00:02:44
396,Matte Lipstick,Cosmetics,click,2026-04-04 00:04:04
482,Desk Lamp,Furniture,view,2026-04-04 00:11:33
420,Cotton Beanie,Accessories,purchase,2026-04-04 00:55:52
404,Pavilion 15,Computer,view,2026-04-04 00:59:32
298,Leather Wallet,Accessories,view,2026-04-04 01:04:47
329,Submariner,Watches,click,2026-04-04 01:11:16
80,Seiko 5 Sport,Watches,click,2026-04-04 01:25:31
25,Nothing Phone 2,Mobile,view,2026-04-04 01:26:46
296,Windbreaker,Sportswear,view,2026-04-04 01:36:22
292,Yoga Pants,Sportswear,view,2026-04-04 01:36:54
391,Pavilion 15,Computer,add_to_cart,2026-04-04 01:50:53
472,Hoodie,Clothes,view,2026-04-04 01:55:52
305,Pavilion 15,Computer,view,2026-04-04 02:01:53
155,Vase,Furniture,click,2026-04-04 02:10:41
291,Air Max 270,Shoes,purchase,2026-04-04 02:25:28
208,Modern Sofa,Furniture,view,2026-04-04 02:35:56
247,Surface Laptop 5,Computer,view,2026-04-04 02:47:05
86,Hoodie,Clothes,click,2026-04-04 03:04:23
276,Slim Fit Jeans,Clothes,add_to_cart,2026-04-04 03:06:36
332,ErgoChair,Furniture,view,2026-04-04 03:18:47
442,Toaster,Kitchenware,add_to_cart,2026-04-04 03:58:06
238,Long Lash Mascara,Cosmetics,view,2026-04-04 04:14:32
293,Leather Wallet,Accessories,click,2026-04-04 04:18:55
255,Coffee Table,Furniture,click,2026-04-04 04:21:47
360,Silver Ring,Accessories,click,2026-04-04 04:37:46
260,Tank Must,Watches,click,2026-04-04 04:43:23
83,Razer Blade 15,Computer,view,2026-04-04 04:49:33
404,Tank Must,Watches,view,2026-04-04 04:49:59
38,The Great Gatsby,Books,view,2026-04-04 04:50:11
470,Matte Lipstick,Cosmetics,add_to_cart,2026-04-04 05:01:45
364,iPhone 15 Pro,Mobile,view,2026-04-04 05:18:43
42,Surface Laptop 5,Computer,view,2026-04-04 05:52:37
491,F91W,Watches,click,2026-04-04 06:04:29
25,Redmi Note 13,Mobile,view,2026-04-04 06:10:44
493,Yoga Pants,Sportswear,view,2026-04-04 06:34:56
419,990v6,Shoes,view,2026-04-04 06:41:56
416,Foundation Pro,Cosmetics,view,2026-04-04 06:50:31
303,Sunscreen 50+,Cosmetics,click,2026-04-04 06:50:36
235,Coffee Table,Furniture,click,2026-04-04 06:57:35
376,Classic Leather,Shoes,add_to_cart,2026-04-04 07:06:26
272,Razer Blade 15,Computer,click,2026-04-04 07:13:33
463,Surface Laptop 5,Computer,add_to_cart,2026-04-04 07:15:03
407,Running Shorts,Sportswear,click,2026-04-04 07:27:03
261,The Great Gatsby,Books,view,2026-04-04 07:28:40
38,Silk Scarf,Clothes,purchase,2026-04-04 07:44:09
89,Harry Potter 1,Books,view,2026-04-04 08:08:15
433,Surface Laptop 5,Computer,add_to_cart,2026-04-04 08:13:38
352,Stand Mixer,Kitchenware,view,2026-04-04 08:28:03
19,Tissot Le Locle,Watches,click,2026-04-04 08:33:33
300,Old Skool,Shoes,view,2026-04-04 09:02:27
430,Razer Blade 15,Computer,view,2026-04-04 09:12:59
98,Tracksuit,Sportswear,view,2026-04-04 09:33:52
206,Perfume No.5,Cosmetics,click,2026-04-04 09:48:05
385,Slim Fit Jeans,Clothes,click,2026-04-04 09:56:41
460,Slim Fit Jeans,Clothes,click,2026-04-04 10:30:45
500,Pavilion 15,Computer,add_to_cart,2026-04-04 10:31:12
213,Capsule Umberella,Accessories,add_to_cart,2026-04-04 10:33:51
244,Oxford Shirt,Clothes,view,2026-04-04 10:36:59
26,Tracksuit,Sportswear,view,2026-04-04 10:43:37
94,Tank Must,Watches,purchase,2026-04-04 10:43:59
406,Pavilion 15,Computer,click,2026-04-04 10:56:15
253,Oxford Shirt,Clothes,purchase,2026-04-04 10:57:57
190,Ultraboost 22,Shoes,click,2026-04-04 10:58:59
298,Cargo Pants,Clothes,purchase,2026-04-04 11:04:58
387,Old Skool,Shoes,view,2026-04-04 11:30:44
403,Classic Leather,Shoes,click,2026-04-04 11:45:11
295,Chef's Knife,Kitchenware,view,2026-04-04 12:03:18
134,1984,Books,add_to_cart,2026-04-04 12:03:41
279,OnePlus 12,Mobile,click,2026-04-04 12:07:25
291,Cloud 5,Shoes,add_to_cart,2026-04-04 12:16:47
80,Apple Watch S9,Watches,view,2026-04-04 12:27:51
469,Hydrating Serum,Cosmetics,click,2026-04-04 12:35:11
26,Windbreaker,Sportswear,view,2026-04-04 12:36:23
84,Stand Mixer,Kitchenware,view,2026-04-04 12:39:37
147,Silver Ring,Accessories,add_to_cart,2026-04-04 12:46:46
188,Seamaster,Watches,click,2026-04-04 13:07:04
338,Tech Backpack,Accessories,purchase,2026-04-04 13:07:26
303,XPS 13,Computer,purchase,2026-04-04 13:12:18
268,Redmi Note 13,Mobile,view,2026-04-04 13:17:48
367,Perfume No.5,Cosmetics,view,2026-04-04 13:19:32
159,Yoga Pants,Sportswear,click,2026-04-04 13:43:06
266,Queen Bed,Furniture,view,2026-04-04 14:00:25
150,Seiko 5 Sport,Watches,click,2026-04-04 14:05:44
52,ROG Zephyrus G14,Computer,view,2026-04-04 14:07:14
77,Leather Wallet,Accessories,add_to_cart,2026-04-04 14:23:50
333,Queen Bed,Furniture,view,2026-04-04 14:26:05
54,Nothing Phone 2,Mobile,view,2026-04-04 14:27:03
180,Seiko 5 Sport,Watches,click,2026-04-04 15:07:26
402,Submariner,Watches,add_to_cart,2026-04-04 15:07:29
470,Matte Lipstick,Cosmetics,click,2026-04-04 15:12:48
92,MacBook Air M3,Computer,click,2026-04-04 15:51:59
200,Sports Bra,Sportswear,view,2026-04-04 15:59:57
19,Tissot Le Locle,Watches,view,2026-04-04 16:17:10
397,Tracksuit,Sportswear,view,2026-04-04 16:20:23
322,Cloud 5,Shoes,view,2026-04-04 16:27:11
494,OnePlus 12,Mobile,view,2026-04-04 16:40:34
370,Winter Parka,Clothes,add_to_cart,2026-04-04 16:43:34
430,Tank Must,Watches,add_to_cart,2026-04-04 16:48:09
239,ErgoChair,Furniture,view,2026-04-04 16:55:01
389,Slim Fit Jeans,Clothes,view,2026-04-04 17:03:57
330,Sheet Mask,Cosmetics,view,2026-04-04 17:07:26
410,Atomic Habits,Books,add_to_cart,2026-04-04 17:10:21
166,Dining Chair,Furniture,view,2026-04-04 17:12:22
439,Clean Code,Books,view,2026-04-04 17:30:26
491,Tank Must,Watches,view,2026-04-04 17:34:59
187,Atomic Habits,Books,click,2026-04-04 17:41:55
308,Slim Fit Jeans,Clothes,add_to_cart,2026-04-04 17:42:45
72,Clean Code,Books,view,2026-04-04 17:45:43
196,Yoga Pants,Sportswear,view,2026-04-04 17:47:37
111,Chuck 70,Shoes,click,2026-04-04 17:48:52
400,Wayfarer,Accessories,click,2026-04-04 17:50:33
262,MacBook Air M3,Computer,click,2026-04-04 18:06:29
91,iPhone 15 Pro,Mobile,view,2026-04-04 18:14:55
438,Oxford Shirt,Clothes,click,2026-04-04 18:18:13
456,Classic Leather,Shoes,click,2026-04-04 18:34:02
115,Ultraboost 22,Shoes,add_to_cart,2026-04-04 18:53:41
432,Classic Leather,Shoes,click,2026-04-04 19:04:50
373,Clean Code,Books,click,2026-04-04 19:05:24
224,Hoodie,Clothes,view,2026-04-04 19:20:49
166,Hydrating Serum,Cosmetics,add_to_cart,2026-04-04 19:29:00
275,Seamaster,Watches,view,2026-04-04 19:31:53
262,Razer Blade 15,Computer,click,2026-04-04 19:39:30
59,Cloud 5,Shoes,view,2026-04-04 19:54:34
395,Air Max 270,Shoes,view,2026-04-04 19:58:00
17,ErgoChair,Furniture,add_to_cart,2026-04-04 20:10:52
329,ThinkPad X1 Carbon,Computer,view,2026-04-04 20:23:30
396,Seiko 5 Sport,Watches,click,2026-04-04 20:37:51
393,Air Fryer,Kitchenware,click,2026-04-04 20:47:11
492,Desk Lamp,Furniture,click,2026-04-04 20:49:37
137,Winter Parka,Clothes,view,2026-04-04 20:53:02
141,Desk Lamp,Furniture,view,2026-04-04 20:56:30
131,Tech Backpack,Accessories,view,2026-04-04 20:57:58
127,Tissot Le Locle,Watches,purchase,2026-04-04 21:10:43
38,Compression Tights,Sportswear,add_to_cart,2026-04-04 21:25:17
246,The Great Gatsby,Books,view,2026-04-04 21:32:40
320,Queen Bed,Furniture,add_to_cart,2026-04-04 21:55:49
226,iPhone 15 Pro,Mobile,view,2026-04-04 22:35:48
209,Leather Wallet,Accessories,view,2026-04-04 22:39:36
127,Leather Belt,Accessories,click,2026-04-04 23:14:42
173,Slim Fit Jeans,Clothes,click,2026-04-05 00:05:50
180,Oxford Shirt,Clothes,view,2026-04-05 00:17:41
192,Modern Sofa,Furniture,add_to_cart,2026-04-05 00:24:47
349,Clean Code,Books,view,2026-04-05 00:34:19
98,Silver Ring,Accessories,view,2026-04-05 01:05:50
426,Sunscreen 50+,Cosmetics,purchase,2026-04-05 01:09:47
475,Silk Tie,Accessories,purchase,2026-04-05 01:14:58
272,Tank Must,Watches,view,2026-04-05 01:23:24
48,Foundation Pro,Cosmetics,click,2026-04-05 01:23:36
105,Ultraboost 22,Shoes,view,2026-04-05 01:23:36
205,Classic Leather,Shoes,view,2026-04-05 01:34:39
25,Foundation Pro,Cosmetics,view,2026-04-05 01:38:10
488,ThinkPad X1 Carbon,Computer,click,2026-04-05 01:38:57
88,Tissot Le Locle,Watches,view,2026-04-05 01:53:12
354,Ultraboost 22,Shoes,click,2026-04-05 02:06:58
55,Pressure Cooker,Kitchenware,view,2026-04-05 02:11:04
6,MacBook Air M3,Computer,click,2026-04-05 02:16:49
333,Sports Bra,Sportswear,view,2026-04-05 02:29:39
363,Running Shorts,Sportswear,click,2026-04-05 02:41:55
380,Kettle,Kitchenware,add_to_cart,2026-04-05 02:53:01
441,Slim Fit Jeans,Clothes,view,2026-04-05 02:54:13
276,Vase,Furniture,view,2026-04-05 03:08:26
383,Foundation Pro,Cosmetics,view,2026-04-05 03:09:36
165,Matte Lipstick,Cosmetics,click,2026-04-05 03:14:14
20,Classic Leather,Shoes,add_to_cart,2026-04-05 03:17:42
396,Cargo Pants,Clothes,add_to_cart,2026-04-05 03:22:00
57,Wayfarer,Accessories,add_to_cart,2026-04-05 03:25:24
76,Pressure Cooker,Kitchenware,view,2026-04-05 03:27:48
113,Matte Lipstick,Cosmetics,click,2026-04-05 03:33:28
386,Seiko 5 Sport,Watches,click,2026-04-05 03:41:44
340,Long Lash Mascara,Cosmetics,view,2026-04-05 04:08:53
94,Atomic Habits,Books,click,2026-04-05 04:12:32
407,Windbreaker,Sportswear,click,2026-04-05 04:13:25
222,Windbreaker,Sportswear,view,2026-04-05 04:21:02
56,1984,Books,add_to_cart,2026-04-05 04:39:53
267,Clean Code,Books,view,2026-04-05 04:55:59
315,Compression Tights,Sportswear,view,2026-04-05 04:58:22
369,Surface Laptop 5,Computer,add_to_cart,2026-04-05 05:11:17
222,Tracksuit,Sportswear,click,2026-04-05 05:22:17
347,Modern Sofa,Furniture,view,2026-04-05 05:26:40
41,Hoodie,Clothes,click,2026-04-05 05:43:07
16,Ultraboost 22,Shoes,view,2026-04-05 06:00:08
171,1984,Books,view,2026-04-05 06:36:42
116,Running Shorts,Sportswear,view,2026-04-05 06:41:50
123,Foundation Pro,Cosmetics,view,2026-04-05 06:42:17
485,Clean Code,Books,view,2026-04-05 06:59:28
325,Pixel 8 Pro,Mobile,view,2026-04-05 07:02:02
38,Cargo Pants,Clothes,view,2026-04-05 07:17:59
327,Classic Leather,Shoes,add_to_cart,2026-04-05 07:20:38
306,Matte Lipstick,Cosmetics,view,2026-04-05 07:51:37
326,Tissot Le Locle,Watches,click,2026-04-05 07:54:01
328,iPhone 15 Pro,Mobile,click,2026-04-05 08:06:46
470,Foundation Pro,Cosmetics,click,2026-04-05 08:07:03
397,Tracksuit,Sportswear,click,2026-04-05 08:12:05
315,Running Shorts,Sportswear,click,2026-04-05 08:34:38
26,Windbreaker,Sportswear,view,2026-04-05 08:42:17
375,Old Skool,Shoes,view,2026-04-05 08:45:03
398,Steve Jobs,Books,click,2026-04-05 08:46:57
153,OnePlus 12,Mobile,view,2026-04-05 08:52:43
391,Chuck 70,Shoes,view,2026-04-05 08:58:21
352,Toaster,Kitchenware,view,2026-04-05 09:00:28
440,Long Lash Mascara,Cosmetics,click,2026-04-05 09:13:04
495,Tracksuit,Sportswear,view,2026-04-05 09:13:12
64,Razer Blade 15,Computer,view,2026-04-05 09:25:54
88,G-Shock DW5600,Watches,add_to_cart,2026-04-05 09:55:12
234,ErgoChair,Furniture,view,2026-04-05 09:55:25
71,Cast Iron Skillet,Kitchenware,view,2026-04-05 10:05:56
318,Gym Bag,Sportswear,click,2026-04-05 10:10:03
339,Desk Lamp,Furniture,purchase,2026-04-05 10:11:15
4,Surface Laptop 5,Computer,view,2026-04-05 10:12:56
306,Sheet Mask,Cosmetics,add_to_cart,2026-04-05 10:15:35
235,ErgoChair,Furniture,view,2026-04-05 10:20:54
463,MacBook Air M3,Computer,purchase,2026-04-05 10:30:39
465,Apple Watch S9,Watches,view,2026-04-05 10:51:37
414,Classic White Tee,Clothes,click,2026-04-05 11:16:34
347,Dining Chair,Furniture,add_to_cart,2026-04-05 11:22:20
290,Clean Code,Books,click,2026-04-05 11:27:34
18,ROG Zephyrus G14,Computer,view,2026-04-05 12:37:42
212,Winter Parka,Clothes,purchase,2026-04-05 12:40:23
474,Dune,Books,click,2026-04-05 12:43:46
338,Classic Leather,Shoes,view,2026-04-05 12:52:00
344,Classic White Tee,Clothes,view,2026-04-05 12:55:59
44,Silver Ring,Accessories,click,2026-04-05 13:00:45
92,Surface Laptop 5,Computer,view,2026-04-05 13:01:51
127,Wayfarer,Accessories,view,2026-04-05 13:03:19
344,Classic White Tee,Clothes,view,2026-04-05 13:58:33
474,Pavilion 15,Computer,view,2026-04-05 14:17:38
339,Coffee Table,Furniture,view,2026-04-05 14:31:47
141,Oxford Shirt,Clothes,click,2026-04-05 14:35:27
314,Seamaster,Watches,view,2026-04-05 15:03:35
490,990v6,Shoes,view,2026-04-05 15:09:20
88,Submariner,Watches,click,2026-04-05 15:12:56
111,Vivobook S,Computer,add_to_cart,2026-04-05 15:20:33
500,Cast Iron Skillet,Kitchenware,click,2026-04-05 15:21:37
433,ThinkPad X1 Carbon,Computer,add_to_cart,2026-04-05 15:23:27
133,Tank Must,Watches,purchase,2026-04-05 15:33:43
472,iPhone 15 Pro,Mobile,view,2026-04-05 15:44:00
305,Tracksuit,Sportswear,click,2026-04-05 15:53:20
19,F91W,Watches,view,2026-04-05 16:01:02
475,Tech Backpack,Accessories,add_to_cart,2026-04-05 16:08:21
1,Naked Palette,Cosmetics,click,2026-04-05 16:21:25
76,G-Shock DW5600,Watches,click,2026-04-05 16:30:31
299,iPhone 15 Pro,Mobile,view,2026-04-05 16:44:31
362,F91W,Watches,click,2026-04-05 16:57:26
412,Clean Code,Books,view,2026-04-05 16:59:50
143,Tech Backpack,Accessories,view,2026-04-05 17:04:10
10,OnePlus 12,Mobile,view,2026-04-05 17:06:56
455,Classic Leather,Shoes,view,2026-04-05 17:11:51
63,Seiko 5 Sport,Watches,view,2026-04-05 17:15:50
344,Denim Jacket,Clothes,click,2026-04-05 17:33:22
122,XPS 13,Computer,click,2026-04-05 17:39:27
161,Redmi Note 13,Mobile,purchase,2026-04-05 17:41:26
468,Sapiens,Books,view,2026-04-05 18:12:57
101,Classic White Tee,Clothes,click,2026-04-05 18:49:23
215,Tank Must,Watches,view,2026-04-05 19:12:10
139,Submariner,Watches,purchase,2026-04-05 19:35:32
257,Z Flip 5,Mobile,view,2026-04-05 19:37:53
225,Ultraboost 22,Shoes,view,2026-04-05 19:53:51
247,Cotton Beanie,Accessories,click,2026-04-05 19:58:40
437,Vivobook S,Computer,add_to_cart,2026-04-05 20:16:59
436,Surface Laptop 5,Computer,add_to_cart,2026-04-05 20:24:05
23,Silver Ring,Accessories,add_to_cart,2026-04-05 20:36:36
120,Old Skool,Shoes,click,2026-04-05 20:39:09
387,Perfume No.5,Cosmetics,view,2026-04-05 20:43:13
483,Galaxy S24 Ultra,Mobile,click,2026-04-05 21:00:08
130,Pavilion 15,Computer,add_to_cart,2026-04-05 21:03:40
8,Apple Watch S9,Watches,view,2026-04-05 21:13:00
415,XPS 13,Computer,view,2026-04-05 21:31:37
204,Harry Potter 1,Books,click,2026-04-05 21:32:30
77,Capsule Umberella,Accessories,click,2026-04-05 21:38:12
59,Air Max 270,Shoes,view,2026-04-05 21:52:19
384,Sports Bra,Sportswear,view,2026-04-05 21:57:03
412,Vivobook S,Computer,view,2026-04-05 22:28:34
331,Bookshelf,Furniture,view,2026-04-05 22:29:54
316,Apple Watch S9,Watches,click,2026-04-05 22:56:16
334,Tech Backpack,Accessories,click,2026-04-05 23:20:43
132,Silver Ring,Accessories,view,2026-04-05 23:34:15
256,Tech Backpack,Accessories,view,2026-04-05 23:34:29
211,Foundation Pro,Cosmetics,view,2026-04-06 00:06:08
236,Silver Ring,Accessories,add_to_cart,2026-04-06 00:21:24
132,Air Max 270,Shoes,add_to_cart,2026-04-06 00:32:13
84,Dune,Books,view,2026-04-06 00:34:04
411,1984,Books,view,2026-04-06 00:40:10
356,Dune,Books,add_to_cart,2026-04-06 00:45:41
346,Compression Tights,Sportswear,view,2026-04-06 01:00:05
456,Silk Tie,Accessories,view,2026-04-06 01:14:02
286,Clyde All-Pro,Shoes,view,2026-04-06 01:26:25
112,Sheet Mask,Cosmetics,view,2026-04-06 01:26:35
184,Galaxy S24 Ultra,Mobile,view,2026-04-06 01:28:41
120,Classic Leather,Shoes,add_to_cart,2026-04-06 01:35:05
109,Chef's Knife,Kitchenware,purchase,2026-04-06 01:35:08
3,Blender,Kitchenware,view,2026-04-06 01:35:47
431,Leather Belt,Accessories,view,2026-04-06 01:49:10
193,Surface Laptop 5,Computer,view,2026-04-06 01:58:04
104,Xperia 1 V,Mobile,click,2026-04-06 02:07:21
205,Cloud 5,Shoes,view,2026-04-06 02:14:39
403,Matte Lipstick,Cosmetics,view,2026-04-06 02:16:51
457,Bookshelf,Furniture,click,2026-04-06 02:31:26
351,Clyde All-Pro,Shoes,view,2026-04-06 02:31:41
409,Tissot Le Locle,Watches,view,2026-04-06 02:35:01
312,Toaster,Kitchenware,view,2026-04-06 02:37:24
245,Capsule Umberella,Accessories,view,2026-04-06 02:37:58
122,ROG Zephyrus G14,Computer,click,2026-04-06 02:38:46
368,Pixel 8 Pro,Mobile,click,2026-04-06 02:40:42
223,Matte Lipstick,Cosmetics,click,2026-04-06 02:58:23
284,G-Shock DW5600,Watches,view,2026-04-06 03:18:10
84,Dune,Books,purchase,2026-04-06 03:52:16
345,ROG Zephyrus G14,Computer,view,2026-04-06 03:56:45
243,Clyde All-Pro,Shoes,purchase,2026-04-06 04:03:36
377,Denim Jacket,Clothes,view,2026-04-06 04:16:08
372,Redmi Note 13,Mobile,click,2026-04-06 04:21:58
251,Leather Belt,Accessories,view,2026-04-06 04:27:43
341,Air Fryer,Kitchenware,view,2026-04-06 04:30:24
61,Dri-FIT Tee,Sportswear,click,2026-04-06 04:30:54
264,Cloud 5,Shoes,view,2026-04-06 04:49:45
425,Silver Ring,Accessories,purchase,2026-04-06 05:04:57
28,Tech Backpack,Accessories,view,2026-04-06 05:17:06
367,Perfume No.5,Cosmetics,view,2026-04-06 05:21:47
388,990v6,Shoes,view,2026-04-06 05:38:50
322,Old Skool,Shoes,view,2026-04-06 05:45:26
204,1984,Books,click,2026-04-06 05:54:42
388,Seiko 5 Sport,Watches,add_to_cart,2026-04-06 06:04:52
396,Seamaster,Watches,click,2026-04-06 06:18:02
278,Windbreaker,Sportswear,view,2026-04-06 06:19:12
297,Foundation Pro,Cosmetics,add_to_cart,2026-04-06 06:23:49
106,Seiko 5 Sport,Watches,view,2026-04-06 06:30:58
201,Galaxy S24 Ultra,Mobile,click,2026-04-06 06:40:10
113,Sunscreen 50+,Cosmetics,add_to_cart,2026-04-06 06:43:03
231,F91W,Watches,view,2026-04-06 06:43:22
410,Atomic Habits,Books,click,2026-04-06 07:09:53
453,Capsule Umberella,Accessories,purchase,2026-04-06 07:13:38
163,Oxford Shirt,Clothes,view,2026-04-06 07:17:48
143,Silver Ring,Accessories,click,2026-04-06 07:19:06
243,ThinkPad X1 Carbon,Computer,add_to_cart,2026-04-06 07:29:30
496,Running Shorts,Sportswear,add_to_cart,2026-04-06 07:46:22
371,Apple Watch S9,Watches,view,2026-04-06 07:48:38
118,Pixel 8 Pro,Mobile,view,2026-04-06 07:49:06
253,F91W,Watches,view,2026-04-06 07:50:38
86,Silk Scarf,Clothes,purchase,2026-04-06 07:51:21
220,Cast Iron Skillet,Kitchenware,view,2026-04-06 07:51:40
115,Old Skool,Shoes,purchase,2026-04-06 08:05:45
61,Gym Bag,Sportswear,click,2026-04-06 08:39:52
395,Air Max 270,Shoes,view,2026-04-06 08:50:03
29,Nothing Phone 2,Mobile,click,2026-04-06 09:07:53
467,Vase,Furniture,purchase,2026-04-06 09:08:50
179,ThinkPad X1 Carbon,Computer,add_to_cart,2026-04-06 09:09:06
352,Kettle,Kitchenware,view,2026-04-06 09:11:55
497,Long Lash Mascara,Cosmetics,view,2026-04-06 09:12:02
497,Foundation Pro,Cosmetics,view,2026-04-06 09:13:39
82,Chef's Knife,Kitchenware,click,2026-04-06 09:19:53
331,G-Shock DW5600,Watches,view,2026-04-06 09:25:39
427,Tank Must,Watches,view,2026-04-06 09:47:12
306,Hydrating Serum,Cosmetics,add_to_cart,2026-04-06 10:21:34
489,Pixel 8 Pro,Mobile,view,2026-04-06 10:21:40
435,Air Max 270,Shoes,view,2026-04-06 10:35:17
265,Chef's Knife,Kitchenware,click,2026-04-06 10:40:18
166,Dri-FIT Tee,Sportswear,click,2026-04-06 10:56:07
90,Vivobook S,Computer,click,2026-04-06 11:18:17
242,Dune,Books,add_to_cart,2026-04-06 11:22:48
3,Nothing Phone 2,Mobile,view,2026-04-06 11:26:13
387,Foundation Pro,Cosmetics,add_to_cart,2026-04-06 11:36:18
83,ROG Zephyrus G14,Computer,add_to_cart,2026-04-06 11:39:01
419,Seamaster,Watches,add_to_cart,2026-04-06 11:44:01
490,Old Skool,Shoes,add_to_cart,2026-04-06 12:09:43
101,Hoodie,Clothes,add_to_cart,2026-04-06 12:55:25
414,Cargo Pants,Clothes,view,2026-04-06 12:56:22
290,Tech Backpack,Accessories,click,2026-04-06 13:03:46
319,Running Shorts,Sportswear,add_to_cart,2026-04-06 13:03:55
488,Surface Laptop 5,Computer,add_to_cart,2026-04-06 13:10:51
403,Hydrating Serum,Cosmetics,view,2026-04-06 13:15:41
52,Wayfarer,Accessories,click,2026-04-06 13:17:04
313,Leather Wallet,Accessories,click,2026-04-06 13:22:13
314,Foundation Pro,Cosmetics,view,2026-04-06 13:26:34
192,Coffee Table,Furniture,add_to_cart,2026-04-06 13:41:36
146,Harry Potter 1,Books,purchase,2026-04-06 13:56:04
85,Leather Belt,Accessories,view,2026-04-06 14:39:30
312,Kettle,Kitchenware,click,2026-04-06 14:43:00
366,Sunscreen 50+,Cosmetics,view,2026-04-06 14:44:10
309,Classic Leather,Shoes,click,2026-04-06 15:05:52
117,Dri-FIT Tee,Sportswear,view,2026-04-06 15:29:48
333,Bookshelf,Furniture,view,2026-04-06 15:32:15
27,Steve Jobs,Books,view,2026-04-06 15:42:42
105,Air Max 270,Shoes,add_to_cart,2026-04-06 15:45:45
151,Vase,Furniture,click,2026-04-06 15:50:25
73,OnePlus 12,Mobile,add_to_cart,2026-04-06 15:57:57
47,Cotton Beanie,Accessories,click,2026-04-06 16:12:35
249,Denim Jacket,Clothes,view,2026-04-06 16:16:05
22,Harry Potter 1,Books,view,2026-04-06 16:30:43
170,MacBook Air M3,Computer,click,2026-04-06 16:32:56
194,Long Lash Mascara,Cosmetics,purchase,2026-04-06 16:50:27
416,Sapiens,Books,click,2026-04-06 17:12:23
403,Foundation Pro,Cosmetics,view,2026-04-06 17:17:41
137,Oxford Shirt,Clothes,click,2026-04-06 17:22:18
270,Surface Laptop 5,Computer,add_to_cart,2026-04-06 17:25:25
13,Running Shorts,Sportswear,click,2026-04-06 17:39:54
443,Sports Bra,Sportswear,view,2026-04-06 18:13:38
166,Desk Lamp,Furniture,view,2026-04-06 18:16:27
12,Tank Must,Watches,click,2026-04-06 18:23:24
293,Chef's Knife,Kitchenware,view,2026-04-06 18:30:08
190,Ultraboost 22,Shoes,view,2026-04-06 18:30:45
208,Vase,Furniture,view,2026-04-06 19:02:45
418,Gym Bag,Sportswear,click,2026-04-06 19:04:32
425,Vase,Furniture,purchase,2026-04-06 19:05:21
437,Pixel 8 Pro,Mobile,view,2026-04-06 19:10:38
118,Running Shorts,Sportswear,add_to_cart,2026-04-06 19:26:09
212,Clyde All-Pro,Shoes,view,2026-04-06 19:30:35
148,Slim Fit Jeans,Clothes,click,2026-04-06 19:37:29
371,Pressure Cooker,Kitchenware,purchase,2026-04-06 19:50:01
9,Sports Bra,Sportswear,click,2026-04-06 20:16:53
406,Old Skool,Shoes,add_to_cart,2026-04-06 20:29:49
199,Galaxy S24 Ultra,Mobile,click,2026-04-06 20:32:21
483,Denim Jacket,Clothes,click,2026-04-06 20:45:20
457,Pavilion 15,Computer,view,2026-04-06 20:48:33
312,Bookshelf,Furniture,view,2026-04-06 20:49:55
182,ROG Zephyrus G14,Computer,view,2026-04-06 20:55:35
52,Tech Backpack,Accessories,click,2026-04-06 20:56:14
162,Nothing Phone 2,Mobile,click,2026-04-06 21:11:03
214,Hydrating Serum,Cosmetics,click,2026-04-06 21:15:24
334,The Great Gatsby,Books,add_to_cart,2026-04-06 21:23:34
1,Matte Lipstick,Cosmetics,purchase,2026-04-06 21:24:47
52,1984,Books,view,2026-04-06 21:26:05
361,Windbreaker,Sportswear,view,2026-04-06 21:47:48
153,Chef's Knife,Kitchenware,click,2026-04-06 21:54:04
126,1984,Books,add_to_cart,2026-04-06 21:55:37
277,Long Lash Mascara,Cosmetics,view,2026-04-06 21:58:26
4,Pavilion 15,Computer,view,2026-04-06 22:24:26
379,ThinkPad X1 Carbon,Computer,click,2026-04-06 22:29:51
274,Nothing Phone 2,Mobile,add_to_cart,2026-04-06 23:11:25
139,Bookshelf,Furniture,add_to_cart,2026-04-06 23:19:05
346,Tracksuit,Sportswear,view,2026-04-06 23:20:51
313,Blender,Kitchenware,add_to_cart,2026-04-06 23:52:06
391,Sports Bra,Sportswear,view,2026-04-07 00:12:04
17,Modern Sofa,Furniture,view,2026-04-07 00:13:16
73,Pixel 8 Pro,Mobile,click,2026-04-07 00:14:59
379,ROG Zephyrus G14,Computer,purchase,2026-04-07 00:51:05
471,Classic White Tee,Clothes,view,2026-04-07 01:03:09
31,Xperia 1 V,Mobile,click,2026-04-07 01:07:15
254,Classic White Tee,Clothes,view,2026-04-07 01:16:48
78,Kettle,Kitchenware,view,2026-04-07 01:20:29
400,Cotton Beanie,Accessories,click,2026-04-07 01:30:08
100,Coffee Table,Furniture,click,2026-04-07 01:36:54
327,Naked Palette,Cosmetics,add_to_cart,2026-04-07 01:40:23
247,Leather Wallet,Accessories,view,2026-04-07 01:47:15
350,Cotton Beanie,Accessories,view,2026-04-07 02:00:35
83,XPS 13,Computer,click,2026-04-07 02:04:53
286,Clyde All-Pro,Shoes,click,2026-04-07 02:14:55
421,Tracksuit,Sportswear,view,2026-04-07 02:34:52
417,Silk Tie,Accessories,click,2026-04-07 02:38:17
322,Old Skool,Shoes,click,2026-04-07 02:44:50
56,Harry Potter 1,Books,view,2026-04-07 02:52:32
473,Bookshelf,Furniture,click,2026-04-07 02:55:23
159,Dri-FIT Tee,Sportswear,view,2026-04-07 03:11:46
266,Bookshelf,Furniture,click,2026-04-07 03:39:12
292,Vase,Furniture,click,2026-04-07 03:47:42
302,Sapiens,Books,view,2026-04-07 03:49:43
1,Old Skool,Shoes,click,2026-04-07 04:21:28
60,Dining Chair,Furniture,view,2026-04-07 04:35:49
180,Apple Watch S9,Watches,click,2026-04-07 04:51:08
22,The Great Gatsby,Books,click,2026-04-07 05:05:55
223,Hydrating Serum,Cosmetics,click,2026-04-07 05:14:41
490,Sapiens,Books,view,2026-04-07 05:17:36
151,Coffee Table,Furniture,view,2026-04-07 05:21:48
165,Foundation Pro,Cosmetics,click,2026-04-07 05:30:41
84,Sapiens,Books,click,2026-04-07 05:32:48
330,F91W,Watches,add_to_cart,2026-04-07 05:36:40
405,Bookshelf,Furniture,add_to_cart,2026-04-07 05:43:14
411,Atomic Habits,Books,view,2026-04-07 05:46:51
158,Pavilion 15,Computer,click,2026-04-07 05:49:31
402,F91W,Watches,view,2026-04-07 06:07:12
376,Old Skool,Shoes,view,2026-04-07 06:44:55
76,ErgoChair,Furniture,purchase,2026-04-07 06:51:24
89,Hydrating Serum,Cosmetics,click,2026-04-07 07:09:05
339,ErgoChair,Furniture,view,2026-04-07 07:30:54
354,Desk Lamp,Furniture,view,2026-04-07 07:34:52
188,Kettle,Kitchenware,view,2026-04-07 07:53:36
336,Naked Palette,Cosmetics,view,2026-04-07 08:00:54
423,Blender,Kitchenware,add_to_cart,2026-04-07 08:21:26
203,Seamaster,Watches,add_to_cart,2026-04-07 08:21:38
39,Sports Bra,Sportswear,add_to_cart,2026-04-07 08:39:49
174,Sunscreen 50+,Cosmetics,click,2026-04-07 08:40:46
278,Seamaster,Watches,click,2026-04-07 08:44:42
106,Pressure Cooker,Kitchenware,add_to_cart,2026-04-07 08:49:52
185,Wayfarer,Accessories,click,2026-04-07 09:03:14
287,Pavilion 15,Computer,view,2026-04-07 09:15:10
180,Tank Must,Watches,view,2026-04-07 09:19:47
288,Sheet Mask,Cosmetics,view,2026-04-07 09:28:34
498,Modern Sofa,Furniture,view,2026-04-07 09:30:51
5,G-Shock DW5600,Watches,view,2026-04-07 09:36:20
396,Apple Watch S9,Watches,view,2026-04-07 09:45:36
393,Stand Mixer,Kitchenware,view,2026-04-07 10:03:53
386,Leather Wallet,Accessories,click,2026-04-07 10:10:13
365,Coffee Table,Furniture,view,2026-04-07 10:11:35
292,1984,Books,view,2026-04-07 10:12:46
273,Sports Bra,Sportswear,view,2026-04-07 10:50:00
215,Capsule Umberella,Accessories,add_to_cart,2026-04-07 10:57:24
221,Cotton Beanie,Accessories,view,2026-04-07 11:00:52
370,Hydrating Serum,Cosmetics,view,2026-04-07 11:42:04
431,Capsule Umberella,Accessories,click,2026-04-07 12:34:11
78,Sapiens,Books,click,2026-04-07 12:54:20
202,Denim Jacket,Clothes,click,2026-04-07 12:55:47
476,Silver Ring,Accessories,view,2026-04-07 13:04:01
328,Denim Jacket,Clothes,click,2026-04-07 13:26:29
114,Silk Tie,Accessories,add_to_cart,2026-04-07 13:42:44
93,Harry Potter 1,Books,view,2026-04-07 13:47:40
464,Naked Palette,Cosmetics,view,2026-04-07 13:48:17
388,Clyde All-Pro,Shoes,view,2026-04-07 13:52:39
339,Pixel 8 Pro,Mobile,click,2026-04-07 14:10:24
158,Vivobook S,Computer,click,2026-04-07 14:16:33
235,Modern Sofa,Furniture,view,2026-04-07 14:56:13
215,Redmi Note 13,Mobile,view,2026-04-07 15:00:21
206,Sunscreen 50+,Cosmetics,add_to_cart,2026-04-07 15:10:54
199,Redmi Note 13,Mobile,click,2026-04-07 15:13:24
155,Vivobook S,Computer,click,2026-04-07 15:15:27
295,Air Fryer,Kitchenware,click,2026-04-07 15:20:03
1,Long Lash Mascara,Cosmetics,view,2026-04-07 15:38:47
408,Wayfarer,Accessories,add_to_cart,2026-04-07 15:41:18
393,Blender,Kitchenware,click,2026-04-07 15:47:09
33,Classic White Tee,Clothes,view,2026-04-07 15:52:42
283,Clean Code,Books,add_to_cart,2026-04-07 15:59:51
468,Tissot Le Locle,Watches,view,2026-04-07 16:27:54
356,1984,Books,click,2026-04-07 16:30:25
293,Wayfarer,Accessories,click,2026-04-07 16:35:56
214,Naked Palette,Cosmetics,add_to_cart,2026-04-07 16:37:26
174,Redmi Note 13,Mobile,view,2026-04-07 16:39:50
227,Matte Lipstick,Cosmetics,click,2026-04-07 16:57:08
408,Sapiens,Books,click,2026-04-07 17:30:28
322,Clyde All-Pro,Shoes,click,2026-04-07 17:44:53
93,Harry Potter 1,Books,click,2026-04-07 18:25:04
446,Cloud 5,Shoes,view,2026-04-07 18:26:42
279,Stand Mixer,Kitchenware,add_to_cart,2026-04-07 18:35:13
346,Dri-FIT Tee,Sportswear,click,2026-04-07 18:44:13
450,Bookshelf,Furniture,purchase,2026-04-07 18:50:10
189,ROG Zephyrus G14,Computer,view,2026-04-07 18:54:44
424,1984,Books,view,2026-04-07 18:56:18
390,Tech Backpack,Accessories,view,2026-04-07 19:23:31
125,Windbreaker,Sportswear,add_to_cart,2026-04-07 19:26:29
58,Yoga Pants,Sportswear,view,2026-04-07 19:33:20
486,Classic Leather,Shoes,view,2026-04-07 19:34:37
203,Seamaster,Watches,view,2026-04-07 19:39:15
382,Coffee Table,Furniture,purchase,2026-04-07 19:40:30
440,Sheet Mask,Cosmetics,click,2026-04-07 19:42:36
500,Submariner,Watches,click,2026-04-07 19:50:43
11,Slim Fit Jeans,Clothes,view,2026-04-07 20:06:31
97,Ultraboost 22,Shoes,view,2026-04-07 20:55:49
120,Old Skool,Shoes,view,2026-04-07 21:05:51
417,Windbreaker,Sportswear,add_to_cart,2026-04-07 21:06:00
257,Z Flip 5,Mobile,view,2026-04-07 21:07:05
231,Slim Fit Jeans,Clothes,view,2026-04-07 21:07:48
175,Tank Must,Watches,view,2026-04-07 21:12:08
499,Air Fryer,Kitchenware,click,2026-04-07 21:21:52
348,Razer Blade 15,Computer,click,2026-04-07 21:41:47
177,Galaxy S24 Ultra,Mobile,add_to_cart,2026-04-07 21:42:37
51,Galaxy S24 Ultra,Mobile,view,2026-04-07 21:59:21
378,Sapiens,Books,add_to_cart,2026-04-07 22:03:53
167,Vase,Furniture,add_to_cart,2026-04-07 22:07:24
171,Xperia 1 V,Mobile,add_to_cart,2026-04-07 22:10:05
280,Silk Scarf,Clothes,click,2026-04-07 22:15:07
466,Sunscreen 50+,Cosmetics,click,2026-04-07 22:17:10
237,Surface Laptop 5,Computer,view,2026-04-07 22:18:54
210,Steve Jobs,Books,view,2026-04-07 22:29:32
417,Harry Potter 1,Books,add_to_cart,2026-04-07 22:45:02
375,Kettle,Kitchenware,view,2026-04-07 22:48:53
198,OnePlus 12,Mobile,click,2026-04-07 22:55:04
384,Sports Bra,Sportswear,view,2026-04-07 23:14:44
284,Coffee Table,Furniture,view,2026-04-07 23:18:57
397,Windbreaker,Sportswear,view,2026-04-07 23:52:22
162,Xperia 1 V,Mobile,click,2026-04-08 00:17:36
58,Tech Backpack,Accessories,add_to_cart,2026-04-08 00:27:32
345,Surface Laptop 5,Computer,view,2026-04-08 00:32:44
54,OnePlus 12,Mobile,click,2026-04-08 00:54:37
318,Windbreaker,Sportswear,click,2026-04-08 01:26:48
264,Silver Ring,Accessories,view,2026-04-08 01:51:57
200,Compression Tights,Sportswear,view,2026-04-08 02:08:23
425,Leather Belt,Accessories,click,2026-04-08 02:45:34
45,The Great Gatsby,Books,view,2026-04-08 03:00:04
101,Oxford Shirt,Clothes,view,2026-04-08 03:03:46
134,Surface Laptop 5,Computer,view,2026-04-08 03:08:18
384,Classic White Tee,Clothes,view,2026-04-08 03:44:32
176,Classic Leather,Shoes,add_to_cart,2026-04-08 03:54:02
469,Sheet Mask,Cosmetics,view,2026-04-08 04:00:38
185,Tech Backpack,Accessories,add_to_cart,2026-04-08 04:25:22
192,Bookshelf,Furniture,view,2026-04-08 04:28:37
55,Kettle,Kitchenware,purchase,2026-04-08 04:33:07
491,Tissot Le Locle,Watches,click,2026-04-08 04:51:41
268,Redmi Note 13,Mobile,view,2026-04-08 04:54:52
64,ThinkPad X1 Carbon,Computer,view,2026-04-08 04:55:57
210,Classic White Tee,Clothes,add_to_cart,2026-04-08 04:57:27
252,Yoga Pants,Sportswear,add_to_cart,2026-04-08 05:00:30
15,Windbreaker,Sportswear,add_to_cart,2026-04-08 05:00:40
495,Dri-FIT Tee,Sportswear,view,2026-04-08 05:26:01
494,Xperia 1 V,Mobile,click,2026-04-08 05:33:40
4,Atomic Habits,Books,click,2026-04-08 05:36:43
414,Silk Scarf,Clothes,click,2026-04-08 05:37:22
402,Submariner,Watches,view,2026-04-08 05:54:21
463,Redmi Note 13,Mobile,click,2026-04-08 05:57:27
217,Kettle,Kitchenware,view,2026-04-08 06:25:36
277,Naked Palette,Cosmetics,add_to_cart,2026-04-08 06:44:22
239,Modern Sofa,Furniture,view,2026-04-08 06:45:10
304,Kettle,Kitchenware,view,2026-04-08 07:03:01
258,Windbreaker,Sportswear,view,2026-04-08 07:07:10
487,Naked Palette,Cosmetics,view,2026-04-08 07:17:23
434,Stand Mixer,Kitchenware,view,2026-04-08 07:23:07
287,MacBook Air M3,Computer,view,2026-04-08 07:36:20
29,Leather Wallet,Accessories,view,2026-04-08 07:43:10
394,Harry Potter 1,Books,view,2026-04-08 07:46:46
90,Tech Backpack,Accessories,view,2026-04-08 07:49:53
434,Silk Scarf,Clothes,view,2026-04-08 07:52:32
361,Seamaster,Watches,view,2026-04-08 07:54:31
20,Old Skool,Shoes,click,2026-04-08 07:57:47
235,Winter Parka,Clothes,click,2026-04-08 08:03:05
492,Queen Bed,Furniture,view,2026-04-08 08:22:37
355,Silver Ring,Accessories,view,2026-04-08 08:32:57
144,Chef's Knife,Kitchenware,view,2026-04-08 08:33:25
462,Pixel 8 Pro,Mobile,click,2026-04-08 08:38:05
236,Silk Scarf,Clothes,view,2026-04-08 08:43:02
52,Capsule Umberella,Accessories,add_to_cart,2026-04-08 09:13:38
352,Stand Mixer,Kitchenware,click,2026-04-08 09:14:40
183,Dune,Books,view,2026-04-08 09:38:15
51,The Great Gatsby,Books,view,2026-04-08 09:41:44
418,Windbreaker,Sportswear,view,2026-04-08 09:45:59
328,Nothing Phone 2,Mobile,view,2026-04-08 09:47:26
113,Hydrating Serum,Cosmetics,view,2026-04-08 09:49:37
168,Vivobook S,Computer,add_to_cart,2026-04-08 10:26:44
433,Razer Blade 15,Computer,view,2026-04-08 10:45:01
372,OnePlus 12,Mobile,view,2026-04-08 10:58:11
105,Wayfarer,Accessories,add_to_cart,2026-04-08 10:58:55
352,Stand Mixer,Kitchenware,view,2026-04-08 11:02:41
242,The Great Gatsby,Books,view,2026-04-08 11:08:34
431,XPS 13,Computer,view,2026-04-08 11:20:13
149,Matte Lipstick,Cosmetics,view,2026-04-08 11:35:38
329,Tech Backpack,Accessories,view,2026-04-08 11:41:29
403,Silk Tie,Accessories,view,2026-04-08 11:49:23
168,Razer Blade 15,Computer,view,2026-04-08 12:01:00
8,Tank Must,Watches,add_to_cart,2026-04-08 12:31:24
110,Tech Backpack,Accessories,view,2026-04-08 12:34:32
316,Tissot Le Locle,Watches,view,2026-04-08 12:42:34
379,ThinkPad X1 Carbon,Computer,view,2026-04-08 12:49:45
170,Vivobook S,Computer,click,2026-04-08 12:58:05
200,Tracksuit,Sportswear,view,2026-04-08 13:04:17
497,Cotton Beanie,Accessories,click,2026-04-08 13:21:59
69,Z Flip 5,Mobile,view,2026-04-08 13:28:31
408,1984,Books,view,2026-04-08 13:48:50
331,Wayfarer,Accessories,click,2026-04-08 14:16:31
174,Sunscreen 50+,Cosmetics,purchase,2026-04-08 14:23:14
445,Leather Belt,Accessories,view,2026-04-08 14:30:21
294,Desk Lamp,Furniture,add_to_cart,2026-04-08 14:32:08
193,Silver Ring,Accessories,view,2026-04-08 14:39:14
157,Silk Tie,Accessories,view,2026-04-08 14:54:19
165,Long Lash Mascara,Cosmetics,click,2026-04-08 14:56:12
301,ErgoChair,Furniture,view,2026-04-08 15:15:41
464,Sheet Mask,Cosmetics,add_to_cart,2026-04-08 15:18:35
20,F91W,Watches,view,2026-04-08 15:21:22
146,Hoodie,Clothes,purchase,2026-04-08 15:24:38
236,Tank Must,Watches,click,2026-04-08 15:30:51
350,Leather Belt,Accessories,click,2026-04-08 15:47:41
2,Silver Ring,Accessories,add_to_cart,2026-04-08 15:51:22
33,Chef's Knife,Kitchenware,view,2026-04-08 15:55:45
66,Coffee Table,Furniture,view,2026-04-08 16:02:06
264,Pixel 8 Pro,Mobile,click,2026-04-08 16:06:53
432,Cloud 5,Shoes,view,2026-04-08 16:13:18
224,Winter Parka,Clothes,view,2026-04-08 16:18:33
249,Vase,Furniture,add_to_cart,2026-04-08 16:41:27
313,Air Fryer,Kitchenware,view,2026-04-08 16:48:39
1,Seiko 5 Sport,Watches,add_to_cart,2026-04-08 17:00:20
454,Bookshelf,Furniture,click,2026-04-08 17:30:06
461,Denim Jacket,Clothes,click,2026-04-08 17:31:28
386,Pixel 8 Pro,Mobile,view,2026-04-08 17:44:16
35,Silk Tie,Accessories,view,2026-04-08 18:01:30
180,Chef's Knife,Kitchenware,purchase,2026-04-08 18:17:08
67,Xperia 1 V,Mobile,click,2026-04-08 18:18:25
350,Toaster,Kitchenware,view,2026-04-08 18:27:36
311,Air Fryer,Kitchenware,add_to_cart,2026-04-08 18:32:02
86,Clyde All-Pro,Shoes,view,2026-04-08 18:40:33
384,Nothing Phone 2,Mobile,add_to_cart,2026-04-08 18:45:18
349,Steve Jobs,Books,view,2026-04-08 18:58:16
185,Leather Wallet,Accessories,view,2026-04-08 19:35:21
132,Tech Backpack,Accessories,add_to_cart,2026-04-08 19:47:23
72,Leather Wallet,Accessories,click,2026-04-08 20:00:46
103,OnePlus 12,Mobile,add_to_cart,2026-04-08 20:06:55
427,F91W,Watches,click,2026-04-08 20:18:56
178,Redmi Note 13,Mobile,click,2026-04-08 20:23:38
130,ROG Zephyrus G14,Computer,click,2026-04-08 20:41:09
334,Silver Ring,Accessories,view,2026-04-08 20:45:13
449,Foundation Pro,Cosmetics,view,2026-04-08 20:49:09
430,Surface Laptop 5,Computer,view,2026-04-08 20:49:28
335,Classic Leather,Shoes,add_to_cart,2026-04-08 20:57:19
28,Leather Wallet,Accessories,purchase,2026-04-08 21:03:11
459,Queen Bed,Furniture,view,2026-04-08 21:12:21
28,Silk Scarf,Clothes,view,2026-04-08 21:23:29
391,Air Fryer,Kitchenware,add_to_cart,2026-04-08 21:29:08
91,Ultraboost 22,Shoes,view,2026-04-08 21:32:46
311,1984,Books,add_to_cart,2026-04-08 21:55:00
250,Ultraboost 22,Shoes,view,2026-04-08 22:05:58
197,1984,Books,view,2026-04-08 22:07:02
144,Foundation Pro,Cosmetics,view,2026-04-08 22:25:25
395,Cloud 5,Shoes,add_to_cart,2026-04-08 23:07:47
230,Perfume No.5,Cosmetics,click,2026-04-08 23:16:06
135,Hydrating Serum,Cosmetics,click,2026-04-08 23:29:51
401,Tank Must,Watches,purchase,2026-04-08 23:46:21
298,Slim Fit Jeans,Clothes,view,2026-04-08 23:55:30
289,Ultraboost 22,Shoes,click,2026-04-09 00:23:34
104,Z Flip 5,Mobile,view,2026-04-09 00:25:25
195,iPhone 15 Pro,Mobile,view,2026-04-09 00:45:32
323,Perfume No.5,Cosmetics,view,2026-04-09 00:48:11
402,Silk Scarf,Clothes,view,2026-04-09 00:53:51
436,Vivobook S,Computer,add_to_cart,2026-04-09 01:04:59
59,Submariner,Watches,view,2026-04-09 01:20:58
53,MacBook Air M3,Computer,click,2026-04-09 01:29:49
367,Long Lash Mascara,Cosmetics,add_to_cart,2026-04-09 01:50:02
372,Nothing Phone 2,Mobile,view,2026-04-09 02:11:00
273,Yoga Pants,Sportswear,view,2026-04-09 02:13:11
307,Pavilion 15,Computer,click,2026-04-09 02:17:39
161,OnePlus 12,Mobile,view,2026-04-09 02:20:12
90,Dining Chair,Furniture,view,2026-04-09 02:34:47
153,Cast Iron Skillet,Kitchenware,view,2026-04-09 02:42:42
179,Pavilion 15,Computer,view,2026-04-09 02:51:02
469,Perfume No.5,Cosmetics,purchase,2026-04-09 02:52:34
390,Silk Tie,Accessories,click,2026-04-09 02:53:09
159,Tracksuit,Sportswear,view,2026-04-09 02:58:36
100,Dining Chair,Furniture,view,2026-04-09 03:10:55
57,Leather Belt,Accessories,view,2026-04-09 03:41:30
44,Wayfarer,Accessories,view,2026-04-09 03:43:17
246,Steve Jobs,Books,view,2026-04-09 03:46:17
327,Matte Lipstick,Cosmetics,purchase,2026-04-09 03:49:01
363,Sports Bra,Sportswear,view,2026-04-09 04:06:34
344,MacBook Air M3,Computer,click,2026-04-09 04:36:06
30,Surface Laptop 5,Computer,click,2026-04-09 04:44:08
138,Sports Bra,Sportswear,add_to_cart,2026-04-09 04:47:40
281,Leather Belt,Accessories,view,2026-04-09 05:02:19
417,Bookshelf,Furniture,click,2026-04-09 05:13:27
170,Vase,Furniture,view,2026-04-09 05:13:33
60,Tracksuit,Sportswear,view,2026-04-09 05:19:07
428,Matte Lipstick,Cosmetics,click,2026-04-09 05:21:28
398,Dri-FIT Tee,Sportswear,purchase,2026-04-09 05:30:05
265,Toaster,Kitchenware,view,2026-04-09 05:37:19
99,Denim Jacket,Clothes,view,2026-04-09 05:54:11
344,Denim Jacket,Clothes,add_to_cart,2026-04-09 06:03:36
107,Silk Scarf,Clothes,view,2026-04-09 06:12:25
119,Old Skool,Shoes,click,2026-04-09 06:17:14
434,Dri-FIT Tee,Sportswear,view,2026-04-09 07:08:28
169,Sunscreen 50+,Cosmetics,click,2026-04-09 07:09:30
170,MacBook Air M3,Computer,view,2026-04-09 07:18:50
296,Ultraboost 22,Shoes,view,2026-04-09 07:20:13
202,Chuck 70,Shoes,view,2026-04-09 07:22:31
243,Z Flip 5,Mobile,click,2026-04-09 07:38:47
165,Long Lash Mascara,Cosmetics,view,2026-04-09 07:43:26
319,Chef's Knife,Kitchenware,click,2026-04-09 07:49:31
465,Seiko 5 Sport,Watches,view,2026-04-09 07:58:50
59,Classic Leather,Shoes,click,2026-04-09 08:03:15
301,Desk Lamp,Furniture,view,2026-04-09 08:08:07
404,Pavilion 15,Computer,view,2026-04-09 08:16:42
109,Pressure Cooker,Kitchenware,view,2026-04-09 08:34:23
485,Foundation Pro,Cosmetics,click,2026-04-09 08:44:38
497,Desk Lamp,Furniture,view,2026-04-09 08:58:59
102,Dining Chair,Furniture,view,2026-04-09 08:59:32
389,Denim Jacket,Clothes,click,2026-04-09 09:09:45
46,MacBook Air M3,Computer,view,2026-04-09 09:11:10
2,Sports Bra,Sportswear,add_to_cart,2026-04-09 09:12:06
208,ErgoChair,Furniture,view,2026-04-09 09:18:39
427,Apple Watch S9,Watches,click,2026-04-09 09:20:37
130,Vivobook S,Computer,purchase,2026-04-09 09:21:37
365,Tissot Le Locle,Watches,view,2026-04-09 09:22:31
345,Pavilion 15,Computer,add_to_cart,2026-04-09 10:04:25
148,Slim Fit Jeans,Clothes,view,2026-04-09 10:07:15
92,ROG Zephyrus G14,Computer,click,2026-04-09 10:08:25
290,Leather Wallet,Accessories,view,2026-04-09 10:17:44
369,MacBook Air M3,Computer,view,2026-04-09 10:19:21
225,Air Max 270,Shoes,view,2026-04-09 10:19:25
441,Cargo Pants,Clothes,add_to_cart,2026-04-09 10:31:10
419,Air Max 270,Shoes,click,2026-04-09 10:41:25
129,Cast Iron Skillet,Kitchenware,add_to_cart,2026-04-09 10:49:03
8,Old Skool,Shoes,click,2026-04-09 10:49:49
496,Compression Tights,Sportswear,view,2026-04-09 10:53:54
81,Vase,Furniture,view,2026-04-09 11:01:04
238,Hydrating Serum,Cosmetics,click,2026-04-09 11:06:40
424,Dune,Books,view,2026-04-09 11:30:28
465,Tank Must,Watches,purchase,2026-04-09 11:44:22
12,Z Flip 5,Mobile,click,2026-04-09 11:46:36
46,Vivobook S,Computer,add_to_cart,2026-04-09 11:57:41
474,1984,Books,view,2026-04-09 11:57:53
50,Classic White Tee,Clothes,view,2026-04-09 11:58:22
168,Vivobook S,Computer,view,2026-04-09 12:06:08
398,Harry Potter 1,Books,view,2026-04-09 12:06:13
435,Classic White Tee,Clothes,click,2026-04-09 12:20:26
150,Seamaster,Watches,view,2026-04-09 12:20:53
218,Silk Scarf,Clothes,view,2026-04-09 12:43:20
477,Bookshelf,Furniture,click,2026-04-09 12:57:41
113,Slim Fit Jeans,Clothes,add_to_cart,2026-04-09 13:28:10
194,Hoodie,Clothes,add_to_cart,2026-04-09 13:41:43
381,Tank Must,Watches,view,2026-04-09 14:04:19
261,F91W,Watches,click,2026-04-09 14:07:55
274,Galaxy S24 Ultra,Mobile,view,2026-04-09 14:51:52
112,Sports Bra,Sportswear,view,2026-04-09 14:54:30
315,990v6,Shoes,add_to_cart,2026-04-09 15:06:21
155,XPS 13,Computer,purchase,2026-04-09 15:14:50
216,Pressure Cooker,Kitchenware,view,2026-04-09 15:24:30
189,ROG Zephyrus G14,Computer,view,2026-04-09 15:31:23
367,Sheet Mask,Cosmetics,click,2026-04-09 15:37:08
192,Xperia 1 V,Mobile,view,2026-04-09 15:51:14
215,Submariner,Watches,view,2026-04-09 16:12:49
485,Clean Code,Books,click,2026-04-09 16:13:09
464,Foundation Pro,Cosmetics,view,2026-04-09 16:24:44
381,Tank Must,Watches,add_to_cart,2026-04-09 16:29:36
78,OnePlus 12,Mobile,click,2026-04-09 16:31:45
357,Pixel 8 Pro,Mobile,add_to_cart,2026-04-09 16:34:02
336,Compression Tights,Sportswear,click,2026-04-09 16:39:49
377,Oxford Shirt,Clothes,view,2026-04-09 16:40:44
30,Kettle,Kitchenware,click,2026-04-09 16:41:12
53,Pavilion 15,Computer,view,2026-04-09 16:49:34
268,iPhone 15 Pro,Mobile,view,2026-04-09 17:01:54
355,Silk Tie,Accessories,click,2026-04-09 17:06:11
324,Tissot Le Locle,Watches,click,2026-04-09 17:21:19
86,Vivobook S,Computer,add_to_cart,2026-04-09 17:22:08
75,Classic White Tee,Clothes,view,2026-04-09 17:25:31
460,ROG Zephyrus G14,Computer,view,2026-04-09 18:13:05
474,Air Max 270,Shoes,view,2026-04-09 18:28:55
169,Matte Lipstick,Cosmetics,add_to_cart,2026-04-09 18:29:55
342,ErgoChair,Furniture,view,2026-04-09 18:37:22
315,Compression Tights,Sportswear,add_to_cart,2026-04-09 18:45:32
390,Leather Belt,Accessories,view,2026-04-09 19:20:47
467,OnePlus 12,Mobile,view,2026-04-09 19:32:21
40,F91W,Watches,click,2026-04-09 19:46:00
403,Classic White Tee,Clothes,add_to_cart,2026-04-09 19:53:10
475,Tech Backpack,Accessories,view,2026-04-09 20:04:39
317,Pavilion 15,Computer,view,2026-04-09 20:10:02
336,Dri-FIT Tee,Sportswear,view,2026-04-09 20:11:01
172,Ultraboost 22,Shoes,view,2026-04-09 20:11:44
238,Naked Palette,Cosmetics,view,2026-04-09 20:14:51
269,Dune,Books,click,2026-04-09 20:16:50
132,Tech Backpack,Accessories,view,2026-04-09 20:20:07
21,Toaster,Kitchenware,view,2026-04-09 20:54:07
420,Seamaster,Watches,click,2026-04-09 21:16:33
466,Tracksuit,Sportswear,view,2026-04-09 21:20:20
266,Desk Lamp,Furniture,add_to_cart,2026-04-09 22:16:20
258,Hoodie,Clothes,click,2026-04-09 22:21:10
441,Apple Watch S9,Watches,view,2026-04-09 22:27:23
390,Denim Jacket,Clothes,add_to_cart,2026-04-09 22:30:16
276,Tracksuit,Sportswear,view,2026-04-09 22:34:39
191,Modern Sofa,Furniture,add_to_cart,2026-04-09 22:34:51
135,Perfume No.5,Cosmetics,click,2026-04-09 22:43:16
97,Chuck 70,Shoes,click,2026-04-09 22:47:54
239,Desk Lamp,Furniture,add_to_cart,2026-04-09 23:13:25
382,Bookshelf,Furniture,view,2026-04-09 23:20:42
271,Redmi Note 13,Mobile,add_to_cart,2026-04-09 23:52:44
113,Tank Must,Watches,purchase,2026-04-10 00:02:28
323,Naked Palette,Cosmetics,click,2026-04-10 00:13:58
391,Steve Jobs,Books,view,2026-04-10 00:27:33
269,The Great Gatsby,Books,click,2026-04-10 01:11:14
205,Chuck 70,Shoes,add_to_cart,2026-04-10 01:33:36
49,Sapiens,Books,click,2026-04-10 01:48:08
124,ThinkPad X1 Carbon,Computer,view,2026-04-10 01:58:42
330,Desk Lamp,Furniture,view,2026-04-10 02:07:45
380,Wayfarer,Accessories,add_to_cart,2026-04-10 02:09:55
217,ThinkPad X1 Carbon,Computer,view,2026-04-10 02:16:59
395,Clyde All-Pro,Shoes,view,2026-04-10 02:41:30
123,Long Lash Mascara,Cosmetics,click,2026-04-10 02:46:39
3,Stand Mixer,Kitchenware,click,2026-04-10 03:14:55
40,Apple Watch S9,Watches,view,2026-04-10 03:21:04
23,F91W,Watches,view,2026-04-10 03:38:11
324,G-Shock DW5600,Watches,view,2026-04-10 03:45:50
325,Xperia 1 V,Mobile,click,2026-04-10 03:56:47
209,Capsule Umberella,Accessories,view,2026-04-10 04:14:51
485,Steve Jobs,Books,view,2026-04-10 04:18:11
128,Tank Must,Watches,click,2026-04-10 04:19:27
494,Ultraboost 22,Shoes,view,2026-04-10 04:25:39
21,Air Fryer,Kitchenware,click,2026-04-10 04:32:57
353,Capsule Umberella,Accessories,click,2026-04-10 04:34:53
22,Silk Tie,Accessories,view,2026-04-10 04:45:38
425,MacBook Air M3,Computer,add_to_cart,2026-04-10 04:56:54
246,Sapiens,Books,view,2026-04-10 04:59:49
263,Classic White Tee,Clothes,view,2026-04-10 05:02:22
209,Stand Mixer,Kitchenware,click,2026-04-10 05:52:53
202,Cargo Pants,Clothes,view,2026-04-10 06:03:41
382,Modern Sofa,Furniture,view,2026-04-10 06:31:57
453,Leather Wallet,Accessories,add_to_cart,2026-04-10 06:55:12
183,Matte Lipstick,Cosmetics,click,2026-04-10 07:08:13
72,G-Shock DW5600,Watches,view,2026-04-10 07:32:22
480,Kettle,Kitchenware,click,2026-04-10 07:34:48
471,Classic White Tee,Clothes,click,2026-04-10 07:42:46
331,The Great Gatsby,Books,add_to_cart,2026-04-10 07:56:59
171,Tissot Le Locle,Watches,view,2026-04-10 08:13:57
440,Sunscreen 50+,Cosmetics,view,2026-04-10 08:14:54
225,Clyde All-Pro,Shoes,view,2026-04-10 08:30:44
243,Cloud 5,Shoes,view,2026-04-10 08:33:15
61,Compression Tights,Sportswear,view,2026-04-10 08:44:27
199,Galaxy S24 Ultra,Mobile,purchase,2026-04-10 08:45:38
286,Long Lash Mascara,Cosmetics,view,2026-04-10 08:54:57
179,ROG Zephyrus G14,Computer,add_to_cart,2026-04-10 09:12:00
44,Silk Tie,Accessories,view,2026-04-10 09:24:25
5,ROG Zephyrus G14,Computer,view,2026-04-10 09:41:16
241,Long Lash Mascara,Cosmetics,view,2026-04-10 09:47:07
108,Classic Leather,Shoes,view,2026-04-10 09:48:47
262,ThinkPad X1 Carbon,Computer,click,2026-04-10 09:52:46
160,Nothing Phone 2,Mobile,click,2026-04-10 10:25:32
262,Surface Laptop 5,Computer,click,2026-04-10 10:48:18
414,Chef's Knife,Kitchenware,view,2026-04-10 11:02:37
67,Stand Mixer,Kitchenware,view,2026-04-10 11:05:51
35,Silk Tie,Accessories,view,2026-04-10 11:08:20
451,G-Shock DW5600,Watches,view,2026-04-10 11:27:34
127,XPS 13,Computer,view,2026-04-10 11:44:27
33,Surface Laptop 5,Computer,view,2026-04-10 12:04:30
371,Apple Watch S9,Watches,click,2026-04-10 12:11:19
349,Sapiens,Books,view,2026-04-10 12:11:30
475,Capsule Umberella,Accessories,click,2026-04-10 12:15:57
67,Z Flip 5,Mobile,view,2026-04-10 12:33:54
101,Cargo Pants,Clothes,view,2026-04-10 12:36:16
310,Modern Sofa,Furniture,view,2026-04-10 12:37:35
20,Razer Blade 15,Computer,view,2026-04-10 12:37:44
35,Silver Ring,Accessories,click,2026-04-10 12:42:41
252,Dri-FIT Tee,Sportswear,click,2026-04-10 12:43:53
59,Steve Jobs,Books,click,2026-04-10 12:50:14
317,ThinkPad X1 Carbon,Computer,purchase,2026-04-10 13:17:23
301,Bookshelf,Furniture,view,2026-04-10 13:25:22
308,Silver Ring,Accessories,add_to_cart,2026-04-10 13:57:15
482,Vase,Furniture,view,2026-04-10 14:04:20
231,ErgoChair,Furniture,add_to_cart,2026-04-10 14:25:22
480,Stand Mixer,Kitchenware,click,2026-04-10 14:28:46
59,Classic Leather,Shoes,click,2026-04-10 14:37:42
430,MacBook Air M3,Computer,view,2026-04-10 15:10:28
476,Old Skool,Shoes,purchase,2026-04-10 15:16:19
366,Toaster,Kitchenware,add_to_cart,2026-04-10 15:19:53
355,Wayfarer,Accessories,view,2026-04-10 15:25:44
477,Redmi Note 13,Mobile,purchase,2026-04-10 15:26:29
488,Winter Parka,Clothes,purchase,2026-04-10 15:27:19
419,Leather Belt,Accessories,add_to_cart,2026-04-10 15:59:08
317,ThinkPad X1 Carbon,Computer,view,2026-04-10 16:10:51
303,Hydrating Serum,Cosmetics,add_to_cart,2026-04-10 16:21:34
89,Atomic Habits,Books,view,2026-04-10 16:42:27
234,Dining Chair,Furniture,view,2026-04-10 16:45:10
374,Hydrating Serum,Cosmetics,view,2026-04-10 16:55:23
110,Wayfarer,Accessories,click,2026-04-10 17:14:29
302,Wayfarer,Accessories,click,2026-04-10 17:17:47
363,Yoga Pants,Sportswear,click,2026-04-10 17:44:29
405,ErgoChair,Furniture,view,2026-04-10 18:00:52
134,Vivobook S,Computer,view,2026-04-10 18:05:13
374,G-Shock DW5600,Watches,add_to_cart,2026-04-10 18:05:29
399,Chef's Knife,Kitchenware,view,2026-04-10 18:20:13
428,Blender,Kitchenware,add_to_cart,2026-04-10 18:24:11
144,Xperia 1 V,Mobile,view,2026-04-10 18:29:23
281,Tech Backpack,Accessories,purchase,2026-04-10 18:39:26
445,Wayfarer,Accessories,view,2026-04-10 18:54:30
136,Tech Backpack,Accessories,click,2026-04-10 18:58:37
464,Perfume No.5,Cosmetics,click,2026-04-10 19:04:54
186,Compression Tights,Sportswear,add_to_cart,2026-04-10 19:17:59
102,Classic Leather,Shoes,view,2026-04-10 19:25:30
406,Silk Tie,Accessories,purchase,2026-04-10 19:41:30
126,Atomic Habits,Books,view,2026-04-10 19:44:02
181,ROG Zephyrus G14,Computer,view,2026-04-10 20:20:14
386,Silk Tie,Accessories,view,2026-04-10 20:36:03
499,Dining Chair,Furniture,click,2026-04-10 20:37:08
29,Bookshelf,Furniture,view,2026-04-10 20:42:15
5,Surface Laptop 5,Computer,view,2026-04-10 20:50:43
49,Redmi Note 13,Mobile,click,2026-04-10 20:54:58
312,Redmi Note 13,Mobile,click,2026-04-10 20:54:58
24,Leather Wallet,Accessories,view,2026-04-10 21:01:31
125,Dri-FIT Tee,Sportswear,click,2026-04-10 21:02:07
147,Leather Wallet,Accessories,click,2026-04-10 21:03:07
287,ThinkPad X1 Carbon,Computer,click,2026-04-10 21:03:37
280,Slim Fit Jeans,Clothes,view,2026-04-10 21:06:33
317,Silk Tie,Accessories,click,2026-04-10 21:11:44
410,Sapiens,Books,view,2026-04-10 21:17:29
11,Ultraboost 22,Shoes,view,2026-04-10 21:24:58
412,1984,Books,add_to_cart,2026-04-10 21:30:41
343,Silk Scarf,Clothes,click,2026-04-10 21:42:26
318,Yoga Pants,Sportswear,purchase,2026-04-10 22:01:08
44,Seiko 5 Sport,Watches,click,2026-04-10 22:18:21
220,Toaster,Kitchenware,view,2026-04-10 22:42:43
496,Sports Bra,Sportswear,add_to_cart,2026-04-10 23:01:18
42,Pavilion 15,Computer,view,2026-04-10 23:02:49
172,990v6,Shoes,click,2026-04-10 23:20:02
355,Bookshelf,Furniture,add_to_cart,2026-04-10 23:39:28
437,OnePlus 12,Mobile,click,2026-04-10 23:47:03
392,Seamaster,Watches,view,2026-04-11 00:01:09
252,Sports Bra,Sportswear,view,2026-04-11 00:39:09
7,Air Max 270,Shoes,view,2026-04-11 00:46:57
144,Xperia 1 V,Mobile,view,2026-04-11 00:47:18
296,Compression Tights,Sportswear,click,2026-04-11 01:02:22
416,Razer Blade 15,Computer,view,2026-04-11 01:02:40
360,Silk Tie,Accessories,click,2026-04-11 01:40:52
3,Compression Tights,Sportswear,view,2026-04-11 01:57:00
208,ErgoChair,Furniture,view,2026-04-11 02:01:28
84,Sapiens,Books,view,2026-04-11 02:11:07
32,Nothing Phone 2,Mobile,click,2026-04-11 02:14:28
223,Hydrating Serum,Cosmetics,purchase,2026-04-11 02:16:09
479,Winter Parka,Clothes,click,2026-04-11 02:56:13
496,Dri-FIT Tee,Sportswear,view,2026-04-11 03:07:40
112,Sheet Mask,Cosmetics,view,2026-04-11 03:07:49
188,Air Fryer,Kitchenware,click,2026-04-11 03:09:14
101,Hoodie,Clothes,purchase,2026-04-11 03:21:56
434,Toaster,Kitchenware,click,2026-04-11 03:24:02
230,Foundation Pro,Cosmetics,view,2026-04-11 03:31:06
6,Capsule Umberella,Accessories,view,2026-04-11 03:33:53
117,Yoga Pants,Sportswear,view,2026-04-11 03:43:33
53,ThinkPad X1 Carbon,Computer,click,2026-04-11 03:56:08
193,Sapiens,Books,view,2026-04-11 04:04:54
345,Old Skool,Shoes,view,2026-04-11 04:13:45
143,Capsule Umberella,Accessories,add_to_cart,2026-04-11 04:14:46
230,Sunscreen 50+,Cosmetics,view,2026-04-11 04:19:38
6,Tech Backpack,Accessories,view,2026-04-11 04:39:06
207,Foundation Pro,Cosmetics,view,2026-04-11 04:47:14
407,Dri-FIT Tee,Sportswear,view,2026-04-11 04:59:54
52,Cotton Beanie,Accessories,view,2026-04-11 05:03:48
264,Tech Backpack,Accessories,view,2026-04-11 05:09:39
47,Silk Tie,Accessories,click,2026-04-11 05:11:34
45,Steve Jobs,Books,view,2026-04-11 05:28:47
285,Gym Bag,Sportswear,add_to_cart,2026-04-11 05:59:46
83,Razer Blade 15,Computer,view,2026-04-11 06:04:22
248,1984,Books,click,2026-04-11 06:06:51
14,Razer Blade 15,Computer,click,2026-04-11 06:08:35
347,Bookshelf,Furniture,view,2026-04-11 06:09:44
91,Pixel 8 Pro,Mobile,view,2026-04-11 06:15:26
194,Sheet Mask,Cosmetics,click,2026-04-11 06:20:51
254,Seiko 5 Sport,Watches,add_to_cart,2026-04-11 06:49:03
284,Capsule Umberella,Accessories,view,2026-04-11 06:51:38
15,Gym Bag,Sportswear,add_to_cart,2026-04-11 06:58:50
405,ErgoChair,Furniture,click,2026-04-11 07:04:29
398,Sapiens,Books,view,2026-04-11 07:21:14
130,990v6,Shoes,view,2026-04-11 07:21:41
155,Razer Blade 15,Computer,view,2026-04-11 07:51:17
319,Gym Bag,Sportswear,view,2026-04-11 08:18:12
205,Air Max 270,Shoes,view,2026-04-11 08:18:50
112,Naked Palette,Cosmetics,view,2026-04-11 08:20:29
153,Chef's Knife,Kitchenware,click,2026-04-11 08:22:57
345,Pavilion 15,Computer,add_to_cart,2026-04-11 08:30:22
263,Denim Jacket,Clothes,purchase,2026-04-11 08:59:13
60,Modern Sofa,Furniture,view,2026-04-11 09:28:20
82,Kettle,Kitchenware,click,2026-04-11 09:34:36
272,G-Shock DW5600,Watches,add_to_cart,2026-04-11 09:37:46
421,Gym Bag,Sportswear,add_to_cart,2026-04-11 09:56:01
259,Silk Tie,Accessories,add_to_cart,2026-04-11 10:07:31
19,Clyde All-Pro,Shoes,add_to_cart,2026-04-11 10:28:44
447,Surface Laptop 5,Computer,click,2026-04-11 10:35:44
333,Ultraboost 22,Shoes,add_to_cart,2026-04-11 10:46:58
70,Redmi Note 13,Mobile,view,2026-04-11 10:52:53
145,F91W,Watches,view,2026-04-11 11:10:19
211,Hydrating Serum,Cosmetics,view,2026-04-11 11:35:55
273,Compression Tights,Sportswear,view,2026-04-11 11:40:58
426,Sheet Mask,Cosmetics,view,2026-04-11 11:44:13
113,Tracksuit,Sportswear,view,2026-04-11 11:51:08
304,Sheet Mask,Cosmetics,click,2026-04-11 12:41:24
371,Surface Laptop 5,Computer,view,2026-04-11 12:46:36
448,Long Lash Mascara,Cosmetics,view,2026-04-11 12:56:38
292,Xperia 1 V,Mobile,view,2026-04-11 13:06:32
472,MacBook Air M3,Computer,view,2026-04-11 13:06:55
495,Silk Scarf,Clothes,view,2026-04-11 13:10:10
179,ROG Zephyrus G14,Computer,view,2026-04-11 13:42:55
181,MacBook Air M3,Computer,view,2026-04-11 13:49:41
318,Gym Bag,Sportswear,add_to_cart,2026-04-11 14:14:09
19,Tissot Le Locle,Watches,view,2026-04-11 14:45:54
258,Sports Bra,Sportswear,view,2026-04-11 15:16:13
64,Vivobook S,Computer,view,2026-04-11 15:16:37
212,Seamaster,Watches,view,2026-04-11 15:37:06
304,Matte Lipstick,Cosmetics,view,2026-04-11 15:39:22
69,Gym Bag,Sportswear,view,2026-04-11 15:50:13
482,Tissot Le Locle,Watches,view,2026-04-11 15:51:27
478,Modern Sofa,Furniture,view,2026-04-11 16:05:41
282,Desk Lamp,Furniture,purchase,2026-04-11 16:11:20
17,ErgoChair,Furniture,view,2026-04-11 16:19:42
379,XPS 13,Computer,click,2026-04-11 16:41:53
466,Sunscreen 50+,Cosmetics,purchase,2026-04-11 16:59:42
161,Wayfarer,Accessories,click,2026-04-11 17:06:42
188,Pressure Cooker,Kitchenware,view,2026-04-11 17:08:22
498,Running Shorts,Sportswear,add_to_cart,2026-04-11 17:13:20
56,Dune,Books,click,2026-04-11 17:28:26
376,990v6,Shoes,view,2026-04-11 17:33:20
444,Clyde All-Pro,Shoes,view,2026-04-11 17:45:30
220,Air Fryer,Kitchenware,add_to_cart,2026-04-11 17:56:07
389,Denim Jacket,Clothes,click,2026-04-11 17:58:46
484,Nothing Phone 2,Mobile,add_to_cart,2026-04-11 18:54:59
317,Razer Blade 15,Computer,view,2026-04-11 19:01:27
288,Silk Scarf,Clothes,view,2026-04-11 19:20:29
242,Clean Code,Books,click,2026-04-11 19:57:55
80,F91W,Watches,view,2026-04-11 20:05:07
166,Bookshelf,Furniture,view,2026-04-11 20:54:18
99,Silk Scarf,Clothes,add_to_cart,2026-04-11 20:59:28
490,iPhone 15 Pro,Mobile,add_to_cart,2026-04-11 21:19:17
487,Blender,Kitchenware,click,2026-04-11 21:46:52
88,Tissot Le Locle,Watches,add_to_cart,2026-04-11 22:03:41
191,Coffee Table,Furniture,click,2026-04-11 22:05:03
240,Stand Mixer,Kitchenware,add_to_cart,2026-04-11 22:21:49
322,990v6,Shoes,click,2026-04-11 22:24:18
30,ROG Zephyrus G14,Computer,view,2026-04-11 22:33:34
299,Cotton Beanie,Accessories,click,2026-04-11 22:50:12
378,Silk Tie,Accessories,view,2026-04-11 23:02:43
202,Oxford Shirt,Clothes,click,2026-04-11 23:08:21
86,Classic White Tee,Clothes,click,2026-04-11 23:08:44
447,Tank Must,Watches,click,2026-04-11 23:09:26
157,Silk Tie,Accessories,add_to_cart,2026-04-11 23:33:49
286,Blender,Kitchenware,view,2026-04-11 23:46:44
426,Cotton Beanie,Accessories,add_to_cart,2026-04-12 00:03:55
490,990v6,Shoes,click,2026-04-12 00:06:00
490,Old Skool,Shoes,add_to_cart,2026-04-12 00:06:59
44,Silver Ring,Accessories,click,2026-04-12 00:10:49
477,Z Flip 5,Mobile,view,2026-04-12 00:18:30
376,990v6,Shoes,view,2026-04-12 00:21:00
368,Galaxy S24 Ultra,Mobile,view,2026-04-12 00:29:15
457,Coffee Table,Furniture,view,2026-04-12 00:38:32
95,Old Skool,Shoes,view,2026-04-12 00:40:11
72,Silver Ring,Accessories,view,2026-04-12 00:48:43
398,Clean Code,Books,view,2026-04-12 00:52:58
221,Cotton Beanie,Accessories,click,2026-04-12 01:35:57
216,Compression Tights,Sportswear,click,2026-04-12 01:45:20
7,Seiko 5 Sport,Watches,view,2026-04-12 01:50:53
361,Seamaster,Watches,click,2026-04-12 02:05:07
352,Toaster,Kitchenware,view,2026-04-12 02:31:25
342,Xperia 1 V,Mobile,click,2026-04-12 02:33:58
498,Modern Sofa,Furniture,click,2026-04-12 02:49:53
453,Winter Parka,Clothes,add_to_cart,2026-04-12 03:19:43
175,Sunscreen 50+,Cosmetics,view,2026-04-12 03:27:15
229,Submariner,Watches,view,2026-04-12 03:54:23
420,Galaxy S24 Ultra,Mobile,view,2026-04-12 03:54:37
35,Cotton Beanie,Accessories,click,2026-04-12 04:57:37
485,Submariner,Watches,view,2026-04-12 05:00:40
219,Stand Mixer,Kitchenware,view,2026-04-12 05:30:30
321,Hydrating Serum,Cosmetics,click,2026-04-12 05:37:01
119,Cloud 5,Shoes,click,2026-04-12 05:42:07
389,Classic White Tee,Clothes,view,2026-04-12 05:48:03
36,Clean Code,Books,view,2026-04-12 05:52:31
94,F91W,Watches,view,2026-04-12 06:10:52
417,Steve Jobs,Books,view,2026-04-12 06:22:00
209,Air Fryer,Kitchenware,view,2026-04-12 06:32:56
62,Bookshelf,Furniture,click,2026-04-12 06:37:31
277,Sheet Mask,Cosmetics,view,2026-04-12 06:37:37
52,Classic White Tee,Clothes,click,2026-04-12 06:41:23
261,G-Shock DW5600,Watches,view,2026-04-12 06:46:34
221,Silver Ring,Accessories,add_to_cart,2026-04-12 07:17:11
253,Modern Sofa,Furniture,click,2026-04-12 07:43:46
450,Sapiens,Books,click,2026-04-12 07:50:32
187,Oxford Shirt,Clothes,add_to_cart,2026-04-12 07:51:32
161,Tech Backpack,Accessories,add_to_cart,2026-04-12 07:51:41
72,Silk Tie,Accessories,view,2026-04-12 07:55:41
119,Silver Ring,Accessories,click,2026-04-12 07:58:14
281,OnePlus 12,Mobile,click,2026-04-12 08:12:45
42,Air Max 270,Shoes,view,2026-04-12 08:26:07
46,Classic White Tee,Clothes,view,2026-04-12 08:29:25
412,1984,Books,click,2026-04-12 08:29:38
240,Z Flip 5,Mobile,click,2026-04-12 08:37:35
292,Redmi Note 13,Mobile,view,2026-04-12 08:48:36
217,Air Fryer,Kitchenware,view,2026-04-12 08:50:44
328,Xperia 1 V,Mobile,view,2026-04-12 08:51:25
188,Sheet Mask,Cosmetics,click,2026-04-12 08:54:03
82,Chef's Knife,Kitchenware,click,2026-04-12 08:58:41
51,Kettle,Kitchenware,click,2026-04-12 09:12:16
55,Pavilion 15,Computer,purchase,2026-04-12 09:13:44
304,Sunscreen 50+,Cosmetics,add_to_cart,2026-04-12 09:15:49
93,Steve Jobs,Books,view,2026-04-12 09:38:46
121,ThinkPad X1 Carbon,Computer,view,2026-04-12 09:56:49
347,Vase,Furniture,click,2026-04-12 10:04:35
37,Seiko 5 Sport,Watches,click,2026-04-12 10:05:28
135,Hydrating Serum,Cosmetics,click,2026-04-12 11:01:38
173,Cargo Pants,Clothes,view,2026-04-12 11:13:21
382,Dining Chair,Furniture,click,2026-04-12 11:14:27
402,Razer Blade 15,Computer,view,2026-04-12 11:16:58
314,Seamaster,Watches,click,2026-04-12 11:44:48
71,Dri-FIT Tee,Sportswear,view,2026-04-12 11:51:00
401,Nothing Phone 2,Mobile,click,2026-04-12 11:54:56
197,Slim Fit Jeans,Clothes,view,2026-04-12 12:14:10
88,Tissot Le Locle,Watches,add_to_cart,2026-04-12 12:19:23
129,Air Fryer,Kitchenware,view,2026-04-12 12:42:33
380,Stand Mixer,Kitchenware,view,2026-04-12 12:42:33
264,Wayfarer,Accessories,add_to_cart,2026-04-12 12:54:08
282,Sports Bra,Sportswear,view,2026-04-12 13:22:37
29,Chef's Knife,Kitchenware,view,2026-04-12 13:28:42
69,Chef's Knife,Kitchenware,click,2026-04-12 13:36:15
155,MacBook Air M3,Computer,view,2026-04-12 13:47:32
151,Dune,Books,view,2026-04-12 13:48:22
475,Classic White Tee,Clothes,view,2026-04-12 15:13:00
176,Air Fryer,Kitchenware,view,2026-04-12 15:14:59
341,Dri-FIT Tee,Sportswear,view,2026-04-12 16:03:26
88,G-Shock DW5600,Watches,click,2026-04-12 16:13:47
382,Modern Sofa,Furniture,click,2026-04-12 16:51:09
308,Wayfarer,Accessories,view,2026-04-12 16:54:49
62,Tech Backpack,Accessories,purchase,2026-04-12 17:10:38
353,Harry Potter 1,Books,purchase,2026-04-12 17:44:28
260,Matte Lipstick,Cosmetics,view,2026-04-12 17:49:24
123,Perfume No.5,Cosmetics,add_to_cart,2026-04-12 18:33:37
168,XPS 13,Computer,view,2026-04-12 19:00:03
265,Cast Iron Skillet,Kitchenware,click,2026-04-12 19:02:19
39,Windbreaker,Sportswear,click,2026-04-12 19:29:39
114,Capsule Umberella,Accessories,add_to_cart,2026-04-12 19:30:05
226,Old Skool,Shoes,purchase,2026-04-12 19:30:59
351,Ultraboost 22,Shoes,view,2026-04-12 19:39:37
422,Foundation Pro,Cosmetics,view,2026-04-12 19:58:30
329,Tank Must,Watches,click,2026-04-12 20:00:54
328,Galaxy S24 Ultra,Mobile,view,2026-04-12 20:14:01
206,Hydrating Serum,Cosmetics,view,2026-04-12 20:24:05
266,XPS 13,Computer,click,2026-04-12 20:30:11
158,ROG Zephyrus G14,Computer,click,2026-04-12 20:43:07
330,Modern Sofa,Furniture,click,2026-04-12 20:53:05
270,XPS 13,Computer,click,2026-04-12 21:20:18
378,Silver Ring,Accessories,click,2026-04-12 21:30:03
159,Gym Bag,Sportswear,add_to_cart,2026-04-12 21:39:16
7,Cloud 5,Shoes,click,2026-04-12 22:19:29
237,XPS 13,Computer,add_to_cart,2026-04-12 22:37:59
394,Silk Tie,Accessories,view,2026-04-12 22:39:35
103,1984,Books,view,2026-04-12 22:41:02
43,Tissot Le Locle,Watches,click,2026-04-12 22:47:19
348,Air Max 270,Shoes,view,2026-04-12 23:02:11
215,Tank Must,Watches,click,2026-04-12 23:08:54
256,Capsule Umberella,Accessories,click,2026-04-12 23:12:03
277,Sheet Mask,Cosmetics,view,2026-04-12 23:13:08
32,OnePlus 12,Mobile,click,2026-04-12 23:26:03
79,Surface Laptop 5,Computer,click,2026-04-12 23:30:04
20,XPS 13,Computer,add_to_cart,2026-04-12 23:30:15
374,Chef's Knife,Kitchenware,view,2026-04-12 23:32:05
219,Pressure Cooker,Kitchenware,click,2026-04-12 23:37:53
214,Hydrating Serum,Cosmetics,view,2026-04-13 00:02:34
244,Nothing Phone 2,Mobile,view,2026-04-13 00:07:53
209,F91W,Watches,view,2026-04-13 00:18:11
489,OnePlus 12,Mobile,add_to_cart,2026-04-13 00:31:20
330,Razer Blade 15,Computer,click,2026-04-13 00:57:20
229,Denim Jacket,Clothes,add_to_cart,2026-04-13 01:25:15
165,Matte Lipstick,Cosmetics,view,2026-04-13 01:29:38
129,Air Fryer,Kitchenware,view,2026-04-13 01:52:09
420,Xperia 1 V,Mobile,click,2026-04-13 01:55:53
40,Seiko 5 Sport,Watches,view,2026-04-13 02:04:19
384,Dri-FIT Tee,Sportswear,view,2026-04-13 02:07:54
33,Running Shorts,Sportswear,view,2026-04-13 02:22:40
255,Coffee Table,Furniture,add_to_cart,2026-04-13 02:22:47
43,Atomic Habits,Books,view,2026-04-13 02:24:56
151,Classic White Tee,Clothes,view,2026-04-13 02:33:22
454,Coffee Table,Furniture,add_to_cart,2026-04-13 02:37:58
168,Pavilion 15,Computer,add_to_cart,2026-04-13 02:38:50
33,Tracksuit,Sportswear,click,2026-04-13 02:41:37
235,Running Shorts,Sportswear,click,2026-04-13 02:50:24
64,Surface Laptop 5,Computer,click,2026-04-13 03:00:30
29,Z Flip 5,Mobile,view,2026-04-13 03:03:17
40,F91W,Watches,click,2026-04-13 03:12:03
181,Surface Laptop 5,Computer,purchase,2026-04-13 03:29:29
478,Cotton Beanie,Accessories,view,2026-04-13 03:32:25
365,Leather Belt,Accessories,add_to_cart,2026-04-13 03:56:21
451,Tissot Le Locle,Watches,view,2026-04-13 03:56:23
131,Bookshelf,Furniture,add_to_cart,2026-04-13 04:18:45
233,XPS 13,Computer,add_to_cart,2026-04-13 04:39:53
367,Long Lash Mascara,Cosmetics,view,2026-04-13 04:45:49
397,Gym Bag,Sportswear,view,2026-04-13 04:46:34
75,Sunscreen 50+,Cosmetics,click,2026-04-13 05:28:53
228,Cargo Pants,Clothes,click,2026-04-13 05:36:51
87,Submariner,Watches,click,2026-04-13 05:39:36
474,Sapiens,Books,view,2026-04-13 05:42:16
290,Yoga Pants,Sportswear,click,2026-04-13 05:46:07
459,Modern Sofa,Furniture,view,2026-04-13 05:49:36
412,Foundation Pro,Cosmetics,view,2026-04-13 05:56:07
461,Denim Jacket,Clothes,click,2026-04-13 05:59:05
441,Hoodie,Clothes,view,2026-04-13 06:19:13
160,iPhone 15 Pro,Mobile,add_to_cart,2026-04-13 06:25:00
146,Silk Scarf,Clothes,view,2026-04-13 06:37:03
262,MacBook Air M3,Computer,click,2026-04-13 07:04:42
377,Classic White Tee,Clothes,view,2026-04-13 07:10:39
253,Classic White Tee,Clothes,click,2026-04-13 07:22:09
249,Modern Sofa,Furniture,view,2026-04-13 07:38:55
467,Long Lash Mascara,Cosmetics,view,2026-04-13 07:50:16
92,MacBook Air M3,Computer,add_to_cart,2026-04-13 07:51:16
271,Nothing Phone 2,Mobile,click,2026-04-13 08:11:42
30,1984,Books,click,2026-04-13 08:16:15
130,Pavilion 15,Computer,view,2026-04-13 08:18:36
21,Long Lash Mascara,Cosmetics,click,2026-04-13 08:31:47
383,Perfume No.5,Cosmetics,add_to_cart,2026-04-13 08:35:50
100,Hoodie,Clothes,add_to_cart,2026-04-13 08:51:20
231,Bookshelf,Furniture,click,2026-04-13 09:09:13
195,iPhone 15 Pro,Mobile,view,2026-04-13 09:09:59
449,Perfume No.5,Cosmetics,view,2026-04-13 09:11:33
473,Dining Chair,Furniture,click,2026-04-13 09:18:09
444,Windbreaker,Sportswear,click,2026-04-13 09:21:52
359,Air Max 270,Shoes,click,2026-04-13 09:24:59
279,OnePlus 12,Mobile,purchase,2026-04-13 09:43:10
286,Old Skool,Shoes,click,2026-04-13 09:52:52
133,Cloud 5,Shoes,click,2026-04-13 10:00:21
196,Dri-FIT Tee,Sportswear,view,2026-04-13 10:02:44
66,ErgoChair,Furniture,view,2026-04-13 10:15:29
41,Clean Code,Books,view,2026-04-13 11:19:36
353,Sapiens,Books,view,2026-04-13 11:26:08
4,990v6,Shoes,purchase,2026-04-13 11:27:27
288,Oxford Shirt,Clothes,view,2026-04-13 11:59:07
28,Cotton Beanie,Accessories,view,2026-04-13 12:05:52
318,F91W,Watches,click,2026-04-13 12:06:37
409,Kettle,Kitchenware,add_to_cart,2026-04-13 12:45:06
431,Tech Backpack,Accessories,view,2026-04-13 13:04:42
36,The Great Gatsby,Books,view,2026-04-13 13:13:35
123,Foundation Pro,Cosmetics,view,2026-04-13 13:31:16
104,iPhone 15 Pro,Mobile,click,2026-04-13 13:40:06
187,Harry Potter 1,Books,add_to_cart,2026-04-13 13:42:48
76,Sheet Mask,Cosmetics,view,2026-04-13 14:18:26
246,Compression Tights,Sportswear,view,2026-04-13 14:29:30
98,Foundation Pro,Cosmetics,view,2026-04-13 14:40:14
497,Sunscreen 50+,Cosmetics,click,2026-04-13 14:41:59
166,Vase,Furniture,view,2026-04-13 15:08:14
171,Clean Code,Books,add_to_cart,2026-04-13 15:09:48
212,Oxford Shirt,Clothes,view,2026-04-13 15:24:27
215,Apple Watch S9,Watches,click,2026-04-13 15:51:02
164,Hoodie,Clothes,click,2026-04-13 16:07:49
368,Nothing Phone 2,Mobile,click,2026-04-13 16:21:27
410,1984,Books,view,2026-04-13 16:37:11
410,Atomic Habits,Books,view,2026-04-13 16:41:03
390,Silk Tie,Accessories,view,2026-04-13 16:48:24
64,XPS 13,Computer,view,2026-04-13 17:20:28
371,Apple Watch S9,Watches,view,2026-04-13 17:22:05
279,Xperia 1 V,Mobile,view,2026-04-13 17:36:35
259,Silver Ring,Accessories,view,2026-04-13 17:40:13
322,Xperia 1 V,Mobile,view,2026-04-13 17:44:11
307,Yoga Pants,Sportswear,click,2026-04-13 18:08:56
221,Capsule Umberella,Accessories,view,2026-04-13 18:10:35
455,Sunscreen 50+,Cosmetics,click,2026-04-13 18:14:35
164,Tank Must,Watches,view,2026-04-13 18:16:22
156,Xperia 1 V,Mobile,click,2026-04-13 18:24:51
197,Sapiens,Books,click,2026-04-13 18:28:52
366,Kettle,Kitchenware,add_to_cart,2026-04-13 18:46:42
387,Naked Palette,Cosmetics,view,2026-04-13 18:51:42
390,Chef's Knife,Kitchenware,add_to_cart,2026-04-13 19:00:47
194,Silk Scarf,Clothes,view,2026-04-13 19:05:26
273,Winter Parka,Clothes,click,2026-04-13 19:15:04
270,Surface Laptop 5,Computer,view,2026-04-13 19:17:37
269,Harry Potter 1,Books,click,2026-04-13 19:20:26
186,Cotton Beanie,Accessories,click,2026-04-13 19:27:13
350,Capsule Umberella,Accessories,purchase,2026-04-13 19:30:37
411,1984,Books,view,2026-04-13 19:35:11
6,Cotton Beanie,Accessories,view,2026-04-13 19:37:18
311,Kettle,Kitchenware,click,2026-04-13 19:41:17
352,Cast Iron Skillet,Kitchenware,click,2026-04-13 19:45:52
487,G-Shock DW5600,Watches,click,2026-04-13 19:49:22
302,Steve Jobs,Books,view,2026-04-13 20:06:25
454,Modern Sofa,Furniture,add_to_cart,2026-04-13 20:10:14
162,iPhone 15 Pro,Mobile,view,2026-04-13 20:23:26
444,Gym Bag,Sportswear,view,2026-04-13 21:00:30
157,Pressure Cooker,Kitchenware,click,2026-04-13 21:06:38
293,Chef's Knife,Kitchenware,view,2026-04-13 21:17:53
269,The Great Gatsby,Books,click,2026-04-13 21:33:15
364,Steve Jobs,Books,add_to_cart,2026-04-13 21:37:03
439,Submariner,Watches,click,2026-04-13 21:51:04
25,iPhone 15 Pro,Mobile,view,2026-04-13 21:52:21
413,Surface Laptop 5,Computer,view,2026-04-13 21:56:09
9,Gym Bag,Sportswear,view,2026-04-13 22:04:11
177,Tissot Le Locle,Watches,add_to_cart,2026-04-13 22:32:40
107,Cargo Pants,Clothes,add_to_cart,2026-04-13 22:42:26
376,Matte Lipstick,Cosmetics,purchase,2026-04-13 22:58:37
77,Wayfarer,Accessories,view,2026-04-13 23:04:55
239,Coffee Table,Furniture,view,2026-04-13 23:08:46
266,Vivobook S,Computer,view,2026-04-13 23:11:47
271,Xperia 1 V,Mobile,view,2026-04-13 23:21:36
338,Leather Belt,Accessories,click,2026-04-13 23:24:31
442,Pressure Cooker,Kitchenware,view,2026-04-13 23:34:12
323,Foundation Pro,Cosmetics,view,2026-04-13 23:40:14
495,Harry Potter 1,Books,add_to_cart,2026-04-13 23:42:39
356,Dune,Books,view,2026-04-13 23:51:47
124,Cargo Pants,Clothes,add_to_cart,2026-04-14 00:02:51
434,Classic White Tee,Clothes,view,2026-04-14 00:04:07
456,Tank Must,Watches,click,2026-04-14 00:10:58
418,Running Shorts,Sportswear,view,2026-04-14 00:18:35
26,Sports Bra,Sportswear,view,2026-04-14 00:32:34
318,Dri-FIT Tee,Sportswear,click,2026-04-14 00:33:33
390,Leather Belt,Accessories,add_to_cart,2026-04-14 00:38:37
439,1984,Books,add_to_cart,2026-04-14 00:50:12
371,Tank Must,Watches,purchase,2026-04-14 00:55:56
211,Tissot Le Locle,Watches,view,2026-04-14 01:02:11
3,Stand Mixer,Kitchenware,click,2026-04-14 01:15:50
182,Surface Laptop 5,Computer,view,2026-04-14 01:20:09
341,Cotton Beanie,Accessories,view,2026-04-14 01:30:28
252,Air Max 270,Shoes,view,2026-04-14 01:55:54
428,Matte Lipstick,Cosmetics,add_to_cart,2026-04-14 02:03:28
227,Seamaster,Watches,view,2026-04-14 02:08:17
452,Leather Wallet,Accessories,view,2026-04-14 02:09:40
342,Queen Bed,Furniture,add_to_cart,2026-04-14 02:11:37
353,1984,Books,add_to_cart,2026-04-14 02:19:50
298,Razer Blade 15,Computer,view,2026-04-14 02:26:23
118,Vivobook S,Computer,view,2026-04-14 02:27:24
256,Vivobook S,Computer,click,2026-04-14 02:37:42
101,Denim Jacket,Clothes,view,2026-04-14 02:37:55
398,Toaster,Kitchenware,view,2026-04-14 02:56:09
374,Pressure Cooker,Kitchenware,view,2026-04-14 03:27:34
235,Dining Chair,Furniture,view,2026-04-14 03:31:53
440,Foundation Pro,Cosmetics,click,2026-04-14 03:37:06
219,Cargo Pants,Clothes,view,2026-04-14 03:37:39
449,Matte Lipstick,Cosmetics,click,2026-04-14 03:42:32
409,Air Fryer,Kitchenware,view,2026-04-14 04:29:24
435,Slim Fit Jeans,Clothes,click,2026-04-14 04:40:56
422,1984,Books,click,2026-04-14 04:42:42
139,Seiko 5 Sport,Watches,view,2026-04-14 05:14:48
400,Silver Ring,Accessories,view,2026-04-14 05:17:23
347,Dining Chair,Furniture,view,2026-04-14 05:23:29
116,Gym Bag,Sportswear,add_to_cart,2026-04-14 05:26:05
184,Kettle,Kitchenware,view,2026-04-14 05:36:36
68,Naked Palette,Cosmetics,view,2026-04-14 05:42:15
198,iPhone 15 Pro,Mobile,view,2026-04-14 05:49:18
176,Clyde All-Pro,Shoes,purchase,2026-04-14 05:58:26
29,Modern Sofa,Furniture,view,2026-04-14 06:03:00
220,Surface Laptop 5,Computer,click,2026-04-14 06:08:20
146,Naked Palette,Cosmetics,view,2026-04-14 06:34:23
147,Leather Belt,Accessories,view,2026-04-14 06:39:01
144,iPhone 15 Pro,Mobile,view,2026-04-14 06:43:59
275,Vivobook S,Computer,view,2026-04-14 06:55:43
424,Harry Potter 1,Books,view,2026-04-14 07:08:06
6,Capsule Umberella,Accessories,view,2026-04-14 07:14:53
36,Sapiens,Books,view,2026-04-14 07:22:55
336,Yoga Pants,Sportswear,click,2026-04-14 07:29:37
457,ErgoChair,Furniture,view,2026-04-14 07:39:19
232,iPhone 15 Pro,Mobile,click,2026-04-14 07:48:27
294,Classic Leather,Shoes,click,2026-04-14 07:52:18
224,Air Max 270,Shoes,add_to_cart,2026-04-14 07:53:31
358,Steve Jobs,Books,click,2026-04-14 08:14:07
186,Tech Backpack,Accessories,add_to_cart,2026-04-14 08:14:29
345,XPS 13,Computer,view,2026-04-14 08:16:15
233,Redmi Note 13,Mobile,purchase,2026-04-14 08:24:03
241,Hydrating Serum,Cosmetics,click,2026-04-14 08:28:45
123,Seiko 5 Sport,Watches,click,2026-04-14 08:36:11
14,Dining Chair,Furniture,click,2026-04-14 09:03:24
162,Cotton Beanie,Accessories,view,2026-04-14 09:13:41
131,Desk Lamp,Furniture,click,2026-04-14 09:21:23
303,Long Lash Mascara,Cosmetics,add_to_cart,2026-04-14 09:39:23
214,Vivobook S,Computer,view,2026-04-14 09:40:51
310,Coffee Table,Furniture,view,2026-04-14 09:58:31
190,990v6,Shoes,click,2026-04-14 11:00:37
13,Dri-FIT Tee,Sportswear,click,2026-04-14 11:14:38
189,Hoodie,Clothes,click,2026-04-14 11:23:35
107,Silk Scarf,Clothes,purchase,2026-04-14 11:34:13
369,XPS 13,Computer,view,2026-04-14 11:34:21
406,ROG Zephyrus G14,Computer,view,2026-04-14 11:34:49
111,Ultraboost 22,Shoes,click,2026-04-14 11:52:55
15,Running Shorts,Sportswear,click,2026-04-14 12:02:57
123,Sunscreen 50+,Cosmetics,view,2026-04-14 12:04:32
374,Toaster,Kitchenware,view,2026-04-14 12:07:59
110,Cotton Beanie,Accessories,view,2026-04-14 12:10:04
117,Sports Bra,Sportswear,view,2026-04-14 12:19:48
299,Nothing Phone 2,Mobile,add_to_cart,2026-04-14 12:24:31
468,The Great Gatsby,Books,view,2026-04-14 12:25:29
314,Seamaster,Watches,click,2026-04-14 12:33:10
423,Winter Parka,Clothes,add_to_cart,2026-04-14 12:46:00
13,Windbreaker,Sportswear,click,2026-04-14 12:46:32
299,Toaster,Kitchenware,view,2026-04-14 12:57:24
329,Oxford Shirt,Clothes,click,2026-04-14 14:11:07
471,Hoodie,Clothes,click,2026-04-14 14:16:03
260,Bookshelf,Furniture,click,2026-04-14 14:24:54
47,Capsule Umberella,Accessories,purchase,2026-04-14 14:30:16
355,Leather Belt,Accessories,view,2026-04-14 14:36:36
494,Nothing Phone 2,Mobile,click,2026-04-14 14:52:54
308,Leather Wallet,Accessories,click,2026-04-14 15:03:23
117,Running Shorts,Sportswear,click,2026-04-14 15:10:31
158,XPS 13,Computer,click,2026-04-14 15:12:12
420,Pixel 8 Pro,Mobile,view,2026-04-14 15:20:09
324,Seiko 5 Sport,Watches,click,2026-04-14 15:30:23
483,Denim Jacket,Clothes,view,2026-04-14 15:38:14
173,Air Max 270,Shoes,add_to_cart,2026-04-14 15:55:24
444,Ultraboost 22,Shoes,view,2026-04-14 16:01:32
138,Gym Bag,Sportswear,purchase,2026-04-14 16:04:05
172,Cloud 5,Shoes,add_to_cart,2026-04-14 16:10:42
141,Denim Jacket,Clothes,view,2026-04-14 16:27:51
179,Sports Bra,Sportswear,click,2026-04-14 16:33:15
124,Capsule Umberella,Accessories,click,2026-04-14 16:43:24
327,Gym Bag,Sportswear,view,2026-04-14 16:58:35
274,Tank Must,Watches,view,2026-04-14 17:03:16
184,OnePlus 12,Mobile,add_to_cart,2026-04-14 17:04:12
128,Apple Watch S9,Watches,view,2026-04-14 17:10:20
267,Sapiens,Books,add_to_cart,2026-04-14 17:52:04
98,Sunscreen 50+,Cosmetics,click,2026-04-14 18:04:57
74,Clyde All-Pro,Shoes,view,2026-04-14 18:07:49
407,Gym Bag,Sportswear,view,2026-04-14 18:13:51
406,Sports Bra,Sportswear,add_to_cart,2026-04-14 18:24:47
394,Queen Bed,Furniture,click,2026-04-14 18:26:01
60,Slim Fit Jeans,Clothes,purchase,2026-04-14 18:29:36
173,Silk Scarf,Clothes,view,2026-04-14 18:38:01
51,Toaster,Kitchenware,view,2026-04-14 18:42:45
145,F91W,Watches,purchase,2026-04-14 19:27:47
402,F91W,Watches,click,2026-04-14 19:31:42
362,Seiko 5 Sport,Watches,click,2026-04-14 19:43:05
74,Clyde All-Pro,Shoes,add_to_cart,2026-04-14 19:53:21
197,Sapiens,Books,add_to_cart,2026-04-14 20:21:44
481,990v6,Shoes,view,2026-04-14 20:21:51
249,Capsule Umberella,Accessories,click,2026-04-14 20:24:29
428,Tank Must,Watches,view,2026-04-14 20:26:14
108,Tank Must,Watches,purchase,2026-04-14 20:37:27
270,Pavilion 15,Computer,add_to_cart,2026-04-14 20:39:29
146,Silk Scarf,Clothes,view,2026-04-14 21:21:07
234,Air Fryer,Kitchenware,view,2026-04-14 21:25:29
114,Cotton Beanie,Accessories,click,2026-04-14 21:25:59
410,Atomic Habits,Books,view,2026-04-14 21:28:50
200,Bookshelf,Furniture,view,2026-04-14 21:36:56
32,Redmi Note 13,Mobile,add_to_cart,2026-04-14 21:37:25
294,Clyde All-Pro,Shoes,view,2026-04-14 21:46:20
79,Vivobook S,Computer,click,2026-04-14 21:47:18
48,MacBook Air M3,Computer,view,2026-04-14 22:01:14
49,iPhone 15 Pro,Mobile,view,2026-04-14 22:28:18
473,Sports Bra,Sportswear,view,2026-04-14 22:35:24
48,Desk Lamp,Furniture,view,2026-04-14 22:44:24
140,Bookshelf,Furniture,click,2026-04-14 22:45:41
387,Foundation Pro,Cosmetics,view,2026-04-14 22:46:19
10,Redmi Note 13,Mobile,view,2026-04-14 22:48:55
125,Dri-FIT Tee,Sportswear,purchase,2026-04-14 22:51:16
77,Silk Scarf,Clothes,view,2026-04-14 23:13:55
399,Cast Iron Skillet,Kitchenware,view,2026-04-14 23:19:00
126,Dune,Books,view,2026-04-14 23:23:17
468,The Great Gatsby,Books,view,2026-04-14 23:33:35
113,Matte Lipstick,Cosmetics,add_to_cart,2026-04-15 00:12:40
106,Seiko 5 Sport,Watches,view,2026-04-15 00:18:42
27,iPhone 15 Pro,Mobile,purchase,2026-04-15 00:43:57
237,Naked Palette,Cosmetics,add_to_cart,2026-04-15 00:52:14
314,Tank Must,Watches,purchase,2026-04-15 01:11:11
429,Surface Laptop 5,Computer,view,2026-04-15 01:18:14
82,Chef's Knife,Kitchenware,view,2026-04-15 01:20:54
210,Queen Bed,Furniture,purchase,2026-04-15 02:03:14
445,Leather Wallet,Accessories,click,2026-04-15 02:18:43
337,Windbreaker,Sportswear,add_to_cart,2026-04-15 02:18:46
335,Naked Palette,Cosmetics,add_to_cart,2026-04-15 02:25:16
450,Desk Lamp,Furniture,click,2026-04-15 02:51:30
112,Foundation Pro,Cosmetics,click,2026-04-15 02:51:52
2,Dining Chair,Furniture,view,2026-04-15 03:05:20
309,Classic Leather,Shoes,view,2026-04-15 03:06:54
22,Atomic Habits,Books,view,2026-04-15 03:11:13
420,Desk Lamp,Furniture,add_to_cart,2026-04-15 03:33:23
198,Xperia 1 V,Mobile,click,2026-04-15 03:36:53
152,Old Skool,Shoes,click,2026-04-15 03:37:56
20,Cloud 5,Shoes,view,2026-04-15 03:55:23
268,Xperia 1 V,Mobile,click,2026-04-15 04:00:43
340,Gym Bag,Sportswear,click,2026-04-15 04:02:28
136,Cast Iron Skillet,Kitchenware,click,2026-04-15 04:26:32
375,Chuck 70,Shoes,view,2026-04-15 04:39:42
438,Silk Scarf,Clothes,view,2026-04-15 05:23:49
18,ROG Zephyrus G14,Computer,view,2026-04-15 05:32:29
294,Ultraboost 22,Shoes,click,2026-04-15 05:51:08
8,Tech Backpack,Accessories,view,2026-04-15 05:57:59
295,ThinkPad X1 Carbon,Computer,view,2026-04-15 06:00:52
357,Tech Backpack,Accessories,view,2026-04-15 06:35:52
5,Pavilion 15,Computer,view,2026-04-15 06:39:36
491,Tank Must,Watches,click,2026-04-15 07:21:57
393,Toaster,Kitchenware,view,2026-04-15 07:33:41
491,Seiko 5 Sport,Watches,add_to_cart,2026-04-15 07:46:44
319,Blender,Kitchenware,view,2026-04-15 07:47:12
426,Foundation Pro,Cosmetics,click,2026-04-15 07:57:42
121,Ultraboost 22,Shoes,view,2026-04-15 08:01:22
229,Winter Parka,Clothes,click,2026-04-15 08:06:02
254,Denim Jacket,Clothes,view,2026-04-15 08:13:14
465,Submariner,Watches,add_to_cart,2026-04-15 08:46:56
241,Xperia 1 V,Mobile,click,2026-04-15 08:56:12
12,Oxford Shirt,Clothes,add_to_cart,2026-04-15 08:57:38
399,Pressure Cooker,Kitchenware,view,2026-04-15 09:01:42
402,Tank Must,Watches,view,2026-04-15 09:37:38
434,Slim Fit Jeans,Clothes,add_to_cart,2026-04-15 09:46:18
476,Tech Backpack,Accessories,add_to_cart,2026-04-15 09:53:18
187,Harry Potter 1,Books,view,2026-04-15 09:53:28
343,Hoodie,Clothes,view,2026-04-15 09:56:56
225,Z Flip 5,Mobile,view,2026-04-15 10:02:24
112,Matte Lipstick,Cosmetics,view,2026-04-15 10:16:35
5,Matte Lipstick,Cosmetics,view,2026-04-15 10:22:58
54,Compression Tights,Sportswear,add_to_cart,2026-04-15 10:35:27
492,Leather Wallet,Accessories,click,2026-04-15 10:36:27
217,Pressure Cooker,Kitchenware,click,2026-04-15 10:38:28
290,G-Shock DW5600,Watches,view,2026-04-15 10:42:22
264,Capsule Umberella,Accessories,view,2026-04-15 11:03:31
108,990v6,Shoes,view,2026-04-15 11:03:47
491,F91W,Watches,view,2026-04-15 11:04:53
356,Razer Blade 15,Computer,click,2026-04-15 11:09:24
419,Classic Leather,Shoes,click,2026-04-15 11:12:27
218,G-Shock DW5600,Watches,view,2026-04-15 11:14:37
276,Classic White Tee,Clothes,purchase,2026-04-15 11:20:57
472,G-Shock DW5600,Watches,view,2026-04-15 11:40:39
486,Seiko 5 Sport,Watches,click,2026-04-15 11:51:15
293,Cast Iron Skillet,Kitchenware,click,2026-04-15 11:54:43
223,Long Lash Mascara,Cosmetics,view,2026-04-15 12:05:15
300,Cloud 5,Shoes,view,2026-04-15 12:05:36
124,The Great Gatsby,Books,click,2026-04-15 12:06:34
245,Capsule Umberella,Accessories,purchase,2026-04-15 12:08:13
144,Z Flip 5,Mobile,view,2026-04-15 12:24:23
385,Winter Parka,Clothes,click,2026-04-15 12:34:41
122,Vivobook S,Computer,view,2026-04-15 12:37:45
336,Cast Iron Skillet,Kitchenware,click,2026-04-15 12:44:02
314,F91W,Watches,view,2026-04-15 13:17:55
375,Ultraboost 22,Shoes,purchase,2026-04-15 13:21:33
80,Tank Must,Watches,click,2026-04-15 13:48:53
214,Sheet Mask,Cosmetics,view,2026-04-15 13:49:15
130,Surface Laptop 5,Computer,add_to_cart,2026-04-15 13:50:17
239,Modern Sofa,Furniture,view,2026-04-15 14:25:34
231,Toaster,Kitchenware,view,2026-04-15 14:46:15
88,Seiko 5 Sport,Watches,view,2026-04-15 14:49:52
56,Sapiens,Books,click,2026-04-15 15:17:20
41,Hoodie,Clothes,click,2026-04-15 15:25:47
91,Harry Potter 1,Books,click,2026-04-15 15:27:09
366,Pressure Cooker,Kitchenware,click,2026-04-15 15:44:56
397,Air Fryer,Kitchenware,add_to_cart,2026-04-15 16:20:36
452,Leather Wallet,Accessories,view,2026-04-15 16:45:49
339,Queen Bed,Furniture,view,2026-04-15 17:01:20
95,Old Skool,Shoes,view,2026-04-15 17:21:22
162,Cotton Beanie,Accessories,view,2026-04-15 17:22:32
230,Matte Lipstick,Cosmetics,view,2026-04-15 17:36:28
196,Dining Chair,Furniture,view,2026-04-15 17:41:39
7,Clyde All-Pro,Shoes,view,2026-04-15 17:57:29
379,G-Shock DW5600,Watches,click,2026-04-15 18:15:19
285,Cotton Beanie,Accessories,view,2026-04-15 18:21:22
343,G-Shock DW5600,Watches,add_to_cart,2026-04-15 18:39:18
157,Leather Wallet,Accessories,view,2026-04-15 18:43:12
227,Apple Watch S9,Watches,click,2026-04-15 19:02:51
99,Atomic Habits,Books,view,2026-04-15 19:57:38
50,Denim Jacket,Clothes,view,2026-04-15 20:05:13
480,Toaster,Kitchenware,view,2026-04-15 20:20:25
468,Harry Potter 1,Books,view,2026-04-15 20:21:26
427,Seamaster,Watches,click,2026-04-15 20:54:42
271,990v6,Shoes,click,2026-04-15 20:57:17
138,Gym Bag,Sportswear,view,2026-04-15 21:05:13
446,F91W,Watches,view,2026-04-15 21:11:23
166,Bookshelf,Furniture,click,2026-04-15 21:16:25
30,MacBook Air M3,Computer,view,2026-04-15 21:27:48
311,Running Shorts,Sportswear,add_to_cart,2026-04-15 21:33:14
272,F91W,Watches,click,2026-04-15 21:38:40
59,Classic Leather,Shoes,add_to_cart,2026-04-15 21:51:30
456,Silk Tie,Accessories,view,2026-04-15 22:23:54
493,Running Shorts,Sportswear,view,2026-04-15 22:42:14
454,ErgoChair,Furniture,view,2026-04-15 22:45:06
491,Sheet Mask,Cosmetics,view,2026-04-15 22:59:45
155,Vase,Furniture,add_to_cart,2026-04-15 23:11:18
23,Tissot Le Locle,Watches,view,2026-04-15 23:19:13
357,Pixel 8 Pro,Mobile,click,2026-04-15 23:37:07
284,1984,Books,view,2026-04-15 23:38:45
255,Dining Chair,Furniture,view,2026-04-15 23:45:10
94,Seamaster,Watches,add_to_cart,2026-04-15 23:53:45
488,MacBook Air M3,Computer,view,2026-04-16 00:16:44
14,ROG Zephyrus G14,Computer,purchase,2026-04-16 00:31:10
356,Queen Bed,Furniture,click,2026-04-16 00:32:42
257,Redmi Note 13,Mobile,view,2026-04-16 00:34:02
73,Redmi Note 13,Mobile,view,2026-04-16 00:37:18
186,Silk Tie,Accessories,view,2026-04-16 01:03:34
463,Queen Bed,Furniture,view,2026-04-16 01:30:56
45,ROG Zephyrus G14,Computer,click,2026-04-16 02:00:38
218,Gym Bag,Sportswear,view,2026-04-16 02:02:28
366,MacBook Air M3,Computer,view,2026-04-16 02:05:20
317,Atomic Habits,Books,add_to_cart,2026-04-16 02:15:51
172,Apple Watch S9,Watches,click,2026-04-16 02:34:58
145,Vivobook S,Computer,view,2026-04-16 02:42:49
222,Blender,Kitchenware,view,2026-04-16 03:01:17
374,Cast Iron Skillet,Kitchenware,click,2026-04-16 03:04:25
216,Stand Mixer,Kitchenware,add_to_cart,2026-04-16 03:11:35
332,Surface Laptop 5,Computer,view,2026-04-16 03:11:44
74,990v6,Shoes,click,2026-04-16 03:13:16
341,Harry Potter 1,Books,view,2026-04-16 03:19:04
286,Chuck 70,Shoes,view,2026-04-16 03:24:10
17,ErgoChair,Furniture,add_to_cart,2026-04-16 03:24:40
94,Submariner,Watches,view,2026-04-16 03:36:25
400,Wayfarer,Accessories,view,2026-04-16 03:50:21
442,Cast Iron Skillet,Kitchenware,view,2026-04-16 04:05:14
222,Hoodie,Clothes,click,2026-04-16 04:05:36
452,Cotton Beanie,Accessories,view,2026-04-16 04:08:45
123,Sunscreen 50+,Cosmetics,view,2026-04-16 04:21:19
301,Bookshelf,Furniture,click,2026-04-16 04:35:20
119,Denim Jacket,Clothes,click,2026-04-16 05:02:57
141,Cargo Pants,Clothes,view,2026-04-16 05:17:42
61,Tracksuit,Sportswear,view,2026-04-16 05:40:01
153,Pressure Cooker,Kitchenware,view,2026-04-16 05:44:51
398,Harry Potter 1,Books,click,2026-04-16 06:11:27
2,Silver Ring,Accessories,add_to_cart,2026-04-16 06:16:25
46,XPS 13,Computer,add_to_cart,2026-04-16 06:19:14
319,Chef's Knife,Kitchenware,view,2026-04-16 06:28:14
37,Stand Mixer,Kitchenware,purchase,2026-04-16 06:31:07
258,Gym Bag,Sportswear,click,2026-04-16 06:56:44
319,Xperia 1 V,Mobile,view,2026-04-16 07:00:34
294,Dune,Books,click,2026-04-16 07:08:42
395,Cloud 5,Shoes,view,2026-04-16 07:52:10
332,XPS 13,Computer,view,2026-04-16 08:15:03
234,Coffee Table,Furniture,click,2026-04-16 08:17:01
240,OnePlus 12,Mobile,view,2026-04-16 08:19:34
240,Pavilion 15,Computer,click,2026-04-16 08:26:26
231,Dining Chair,Furniture,view,2026-04-16 08:47:59
414,Winter Parka,Clothes,view,2026-04-16 09:12:01
310,Silk Tie,Accessories,view,2026-04-16 09:14:43
156,Galaxy S24 Ultra,Mobile,add_to_cart,2026-04-16 09:14:58
200,Compression Tights,Sportswear,add_to_cart,2026-04-16 09:17:21
325,Nothing Phone 2,Mobile,purchase,2026-04-16 09:18:29
443,Old Skool,Shoes,add_to_cart,2026-04-16 09:35:50
14,ThinkPad X1 Carbon,Computer,view,2026-04-16 09:45:18
103,Clean Code,Books,view,2026-04-16 10:27:13
289,Air Max 270,Shoes,view,2026-04-16 10:28:17
31,Desk Lamp,Furniture,view,2026-04-16 10:34:00
431,Leather Belt,Accessories,view,2026-04-16 11:05:12
236,Seamaster,Watches,view,2026-04-16 11:23:37
362,Tank Must,Watches,view,2026-04-16 11:31:55
384,Leather Belt,Accessories,view,2026-04-16 11:37:24
10,Redmi Note 13,Mobile,click,2026-04-16 12:02:03
129,Kettle,Kitchenware,view,2026-04-16 12:07:30
306,Sheet Mask,Cosmetics,view,2026-04-16 12:13:11
218,G-Shock DW5600,Watches,view,2026-04-16 12:13:47
390,Cotton Beanie,Accessories,add_to_cart,2026-04-16 12:20:52
404,ThinkPad X1 Carbon,Computer,click,2026-04-16 12:24:14
419,Air Max 270,Shoes,click,2026-04-16 12:25:36
126,Atomic Habits,Books,click,2026-04-16 12:30:07
320,Galaxy S24 Ultra,Mobile,view,2026-04-16 12:36:32
239,ErgoChair,Furniture,add_to_cart,2026-04-16 12:43:17
348,Dining Chair,Furniture,click,2026-04-16 13:17:58
70,Modern Sofa,Furniture,view,2026-04-16 13:18:58
223,Sheet Mask,Cosmetics,purchase,2026-04-16 13:34:25
81,Bookshelf,Furniture,view,2026-04-16 13:57:50
319,Cast Iron Skillet,Kitchenware,add_to_cart,2026-04-16 14:38:16
76,Modern Sofa,Furniture,view,2026-04-16 14:41:46
242,Sapiens,Books,view,2026-04-16 14:51:42
370,Cargo Pants,Clothes,click,2026-04-16 14:51:49
110,Silver Ring,Accessories,view,2026-04-16 14:58:35
227,Seamaster,Watches,view,2026-04-16 15:29:21
374,Stand Mixer,Kitchenware,click,2026-04-16 15:47:40
195,iPhone 15 Pro,Mobile,view,2026-04-16 15:50:22
475,Cotton Beanie,Accessories,click,2026-04-16 15:54:31
19,Windbreaker,Sportswear,view,2026-04-16 15:56:38
121,Clyde All-Pro,Shoes,view,2026-04-16 16:09:15
17,Desk Lamp,Furniture,view,2026-04-16 16:24:01
19,G-Shock DW5600,Watches,add_to_cart,2026-04-16 16:41:33
170,Capsule Umberella,Accessories,click,2026-04-16 16:41:55
394,Silk Tie,Accessories,view,2026-04-16 16:42:56
431,Tech Backpack,Accessories,click,2026-04-16 16:52:49
74,Clyde All-Pro,Shoes,view,2026-04-16 17:02:17
150,Tank Must,Watches,view,2026-04-16 17:09:54
461,Cast Iron Skillet,Kitchenware,view,2026-04-16 17:46:48
437,Galaxy S24 Ultra,Mobile,view,2026-04-16 17:48:32
113,Sunscreen 50+,Cosmetics,view,2026-04-16 18:10:27
269,1984,Books,view,2026-04-16 18:14:45
320,Classic Leather,Shoes,view,2026-04-16 18:15:15
269,Steve Jobs,Books,click,2026-04-16 18:19:30
105,Old Skool,Shoes,click,2026-04-16 18:20:30
293,Cast Iron Skillet,Kitchenware,add_to_cart,2026-04-16 18:36:39
388,Chuck 70,Shoes,view,2026-04-16 18:42:30
370,Oxford Shirt,Clothes,click,2026-04-16 18:45:29
101,Classic Leather,Shoes,click,2026-04-16 19:23:36
369,ThinkPad X1 Carbon,Computer,view,2026-04-16 19:26:20
164,Sunscreen 50+,Cosmetics,view,2026-04-16 19:37:33
413,Pavilion 15,Computer,add_to_cart,2026-04-16 19:58:10
399,Chef's Knife,Kitchenware,view,2026-04-16 20:32:26
200,Compression Tights,Sportswear,view,2026-04-16 20:45:45
409,Pressure Cooker,Kitchenware,add_to_cart,2026-04-16 21:01:44
257,XPS 13,Computer,click,2026-04-16 21:14:52
55,Stand Mixer,Kitchenware,add_to_cart,2026-04-16 21:27:10
456,Tech Backpack,Accessories,add_to_cart,2026-04-16 21:37:44
208,Dining Chair,Furniture,view,2026-04-16 21:53:36
29,Xperia 1 V,Mobile,click,2026-04-16 21:55:15
358,Harry Potter 1,Books,view,2026-04-16 22:00:34
182,ROG Zephyrus G14,Computer,view,2026-04-16 22:09:58
99,ThinkPad X1 Carbon,Computer,view,2026-04-16 22:11:02
408,Queen Bed,Furniture,view,2026-04-16 22:17:14
258,Running Shorts,Sportswear,view,2026-04-16 22:17:30
376,Compression Tights,Sportswear,click,2026-04-16 22:25:10
50,Sunscreen 50+,Cosmetics,click,2026-04-16 22:49:28
309,Old Skool,Shoes,click,2026-04-16 22:54:45
41,Hoodie,Clothes,click,2026-04-16 22:57:45
495,Dri-FIT Tee,Sportswear,view,2026-04-16 23:28:32
360,Wayfarer,Accessories,click,2026-04-16 23:54:39
160,Nothing Phone 2,Mobile,view,2026-04-16 23:56:20
259,Capsule Umberella,Accessories,view,2026-04-17 00:07:39
452,Leather Wallet,Accessories,view,2026-04-17 00:13:00
192,Submariner,Watches,click,2026-04-17 00:19:27
227,F91W,Watches,view,2026-04-17 00:22:27
154,Cargo Pants,Clothes,view,2026-04-17 00:30:39
148,Running Shorts,Sportswear,click,2026-04-17 00:37:40
224,OnePlus 12,Mobile,view,2026-04-17 00:57:35
334,Leather Belt,Accessories,view,2026-04-17 01:31:32
462,G-Shock DW5600,Watches,view,2026-04-17 01:47:37
103,Clean Code,Books,view,2026-04-17 01:53:01
367,Naked Palette,Cosmetics,view,2026-04-17 01:57:25
489,Xperia 1 V,Mobile,view,2026-04-17 02:11:39
211,Sunscreen 50+,Cosmetics,view,2026-04-17 02:11:46
320,Dining Chair,Furniture,view,2026-04-17 02:15:51
74,Gym Bag,Sportswear,view,2026-04-17 02:30:21
354,Vase,Furniture,view,2026-04-17 02:36:03
190,Clyde All-Pro,Shoes,purchase,2026-04-17 03:00:48
378,Long Lash Mascara,Cosmetics,click,2026-04-17 03:00:59
167,Vase,Furniture,click,2026-04-17 03:12:49
142,Air Max 270,Shoes,click,2026-04-17 03:23:21
133,Ultraboost 22,Shoes,click,2026-04-17 03:38:10
487,Submariner,Watches,view,2026-04-17 03:44:08
109,Toaster,Kitchenware,view,2026-04-17 03:44:16
489,Dune,Books,view,2026-04-17 04:14:15
68,Matte Lipstick,Cosmetics,purchase,2026-04-17 04:24:05
68,Foundation Pro,Cosmetics,click,2026-04-17 04:30:45
8,G-Shock DW5600,Watches,view,2026-04-17 04:32:29
132,Leather Wallet,Accessories,view,2026-04-17 04:34:06
448,Hydrating Serum,Cosmetics,click,2026-04-17 04:44:25
339,Bookshelf,Furniture,view,2026-04-17 05:12:05
470,Naked Palette,Cosmetics,add_to_cart,2026-04-17 05:15:52
310,Dining Chair,Furniture,view,2026-04-17 05:23:13
248,Atomic Habits,Books,view,2026-04-17 05:31:20
144,Xperia 1 V,Mobile,view,2026-04-17 05:33:59
175,Sunscreen 50+,Cosmetics,click,2026-04-17 05:43:10
167,Coffee Table,Furniture,click,2026-04-17 05:44:24
254,Foundation Pro,Cosmetics,view,2026-04-17 05:44:42
317,Vivobook S,Computer,purchase,2026-04-17 05:52:56
450,Submariner,Watches,click,2026-04-17 05:58:29
394,Harry Potter 1,Books,view,2026-04-17 06:01:40
404,XPS 13,Computer,add_to_cart,2026-04-17 06:11:27
156,OnePlus 12,Mobile,view,2026-04-17 06:13:13
486,Air Max 270,Shoes,view,2026-04-17 06:16:30
463,MacBook Air M3,Computer,view,2026-04-17 06:26:21
382,Modern Sofa,Furniture,add_to_cart,2026-04-17 06:29:12
267,1984,Books,click,2026-04-17 06:39:50
371,Seiko 5 Sport,Watches,view,2026-04-17 07:04:42
413,Surface Laptop 5,Computer,add_to_cart,2026-04-17 07:18:02
226,Tracksuit,Sportswear,click,2026-04-17 07:18:09
383,Sheet Mask,Cosmetics,view,2026-04-17 07:19:36
360,Capsule Umberella,Accessories,click,2026-04-17 07:39:19
127,Surface Laptop 5,Computer,click,2026-04-17 07:51:06
299,Gym Bag,Sportswear,view,2026-04-17 08:02:33
463,ThinkPad X1 Carbon,Computer,click,2026-04-17 08:06:56
116,Classic White Tee,Clothes,view,2026-04-17 08:10:52
262,XPS 13,Computer,click,2026-04-17 08:13:48
245,Wayfarer,Accessories,view,2026-04-17 08:22:08
294,Coffee Table,Furniture,click,2026-04-17 08:35:30
331,Tracksuit,Sportswear,click,2026-04-17 08:43:31
367,Hydrating Serum,Cosmetics,view,2026-04-17 08:44:05
277,Perfume No.5,Cosmetics,view,2026-04-17 09:05:32
176,Clyde All-Pro,Shoes,purchase,2026-04-17 09:17:59
213,Dune,Books,add_to_cart,2026-04-17 09:25:09
37,Seamaster,Watches,click,2026-04-17 09:50:11
220,Stand Mixer,Kitchenware,click,2026-04-17 09:53:34
338,Capsule Umberella,Accessories,click,2026-04-17 10:13:25
100,Queen Bed,Furniture,view,2026-04-17 10:17:08
238,Naked Palette,Cosmetics,view,2026-04-17 10:29:32
195,Redmi Note 13,Mobile,add_to_cart,2026-04-17 10:40:46
334,Silk Tie,Accessories,click,2026-04-17 10:46:45
307,Long Lash Mascara,Cosmetics,view,2026-04-17 11:11:51
423,Oxford Shirt,Clothes,view,2026-04-17 11:27:08
481,Old Skool,Shoes,add_to_cart,2026-04-17 11:34:54
254,Kettle,Kitchenware,click,2026-04-17 11:50:50
210,The Great Gatsby,Books,click,2026-04-17 11:59:17
195,Oxford Shirt,Clothes,view,2026-04-17 12:01:46
432,Cloud 5,Shoes,view,2026-04-17 12:04:25
146,Classic White Tee,Clothes,view,2026-04-17 12:05:52
253,Winter Parka,Clothes,view,2026-04-17 12:16:10
22,Clean Code,Books,click,2026-04-17 12:36:50
54,Redmi Note 13,Mobile,add_to_cart,2026-04-17 12:41:43
93,Xperia 1 V,Mobile,view,2026-04-17 12:41:57
400,Leather Wallet,Accessories,add_to_cart,2026-04-17 12:45:21
21,Pressure Cooker,Kitchenware,click,2026-04-17 12:47:12
123,Wayfarer,Accessories,purchase,2026-04-17 12:56:02
292,iPhone 15 Pro,Mobile,view,2026-04-17 13:35:56
240,990v6,Shoes,view,2026-04-17 14:16:12
266,Hydrating Serum,Cosmetics,click,2026-04-17 14:19:57
247,The Great Gatsby,Books,view,2026-04-17 14:22:00
108,Z Flip 5,Mobile,add_to_cart,2026-04-17 14:23:17
254,Apple Watch S9,Watches,view,2026-04-17 14:29:05
279,Xperia 1 V,Mobile,add_to_cart,2026-04-17 14:30:17
460,ThinkPad X1 Carbon,Computer,view,2026-04-17 14:37:23
99,Xperia 1 V,Mobile,view,2026-04-17 14:59:41
60,Long Lash Mascara,Cosmetics,add_to_cart,2026-04-17 15:03:22
129,Dining Chair,Furniture,view,2026-04-17 15:25:19
429,Xperia 1 V,Mobile,click,2026-04-17 15:28:32
369,Coffee Table,Furniture,view,2026-04-17 15:46:48
141,Classic White Tee,Clothes,click,2026-04-17 15:51:47
213,Capsule Umberella,Accessories,view,2026-04-17 15:55:54
4,Pavilion 15,Computer,add_to_cart,2026-04-17 16:05:36
25,OnePlus 12,Mobile,click,2026-04-17 16:10:54
18,Yoga Pants,Sportswear,view,2026-04-17 16:20:14
217,Stand Mixer,Kitchenware,add_to_cart,2026-04-17 16:44:30
16,Steve Jobs,Books,view,2026-04-17 17:26:12
55,Kettle,Kitchenware,purchase,2026-04-17 17:27:27
161,Tank Must,Watches,view,2026-04-17 17:51:55
270,ROG Zephyrus G14,Computer,view,2026-04-17 17:55:11
265,Air Fryer,Kitchenware,click,2026-04-17 18:22:02
148,Denim Jacket,Clothes,click,2026-04-17 19:07:27
369,Razer Blade 15,Computer,add_to_cart,2026-04-17 19:11:05
155,Vivobook S,Computer,click,2026-04-17 19:26:13
469,Pixel 8 Pro,Mobile,view,2026-04-17 20:14:39
28,Capsule Umberella,Accessories,view,2026-04-17 20:17:35
187,Steve Jobs,Books,view,2026-04-17 20:22:28
358,1984,Books,view,2026-04-17 20:28:41
364,iPhone 15 Pro,Mobile,click,2026-04-17 20:45:46
461,Classic White Tee,Clothes,view,2026-04-17 20:52:59
152,Clyde All-Pro,Shoes,view,2026-04-17 21:27:55
96,Cargo Pants,Clothes,click,2026-04-17 21:33:33
9,Yoga Pants,Sportswear,click,2026-04-17 21:46:12
179,Cargo Pants,Clothes,add_to_cart,2026-04-17 21:49:16
150,Submariner,Watches,view,2026-04-17 21:52:15
205,Classic Leather,Shoes,view,2026-04-17 22:10:52
395,Queen Bed,Furniture,add_to_cart,2026-04-17 22:23:29
436,Surface Laptop 5,Computer,add_to_cart,2026-04-17 22:27:54
380,Blender,Kitchenware,view,2026-04-17 22:28:25
124,Silver Ring,Accessories,add_to_cart,2026-04-17 22:35:56
297,Matte Lipstick,Cosmetics,purchase,2026-04-17 22:37:43
276,Cargo Pants,Clothes,click,2026-04-17 22:39:33
9,Compression Tights,Sportswear,view,2026-04-17 22:40:49
495,Tracksuit,Sportswear,click,2026-04-17 23:20:33
418,Apple Watch S9,Watches,click,2026-04-17 23:23:12
194,Foundation Pro,Cosmetics,click,2026-04-17 23:31:16
244,Z Flip 5,Mobile,view,2026-04-17 23:46:56
364,iPhone 15 Pro,Mobile,add_to_cart,2026-04-17 23:47:11
252,Leather Belt,Accessories,view,2026-04-18 00:00:05
370,Winter Parka,Clothes,view,2026-04-18 00:01:18
57,Cotton Beanie,Accessories,view,2026-04-18 00:35:40
74,Classic Leather,Shoes,view,2026-04-18 00:35:42
359,F91W,Watches,add_to_cart,2026-04-18 00:37:14
73,Nothing Phone 2,Mobile,view,2026-04-18 00:42:44
121,Classic Leather,Shoes,click,2026-04-18 01:03:58
157,Tissot Le Locle,Watches,add_to_cart,2026-04-18 01:05:40
254,Submariner,Watches,view,2026-04-18 01:48:05
177,Clyde All-Pro,Shoes,click,2026-04-18 02:22:44
247,Air Fryer,Kitchenware,view,2026-04-18 02:36:57
347,Coffee Table,Furniture,view,2026-04-18 02:51:36
481,Clyde All-Pro,Shoes,view,2026-04-18 03:02:05
8,Gym Bag,Sportswear,view,2026-04-18 03:18:02
482,Modern Sofa,Furniture,click,2026-04-18 03:20:33
110,Tech Backpack,Accessories,click,2026-04-18 03:24:21
256,Silver Ring,Accessories,view,2026-04-18 03:56:01
464,Sheet Mask,Cosmetics,add_to_cart,2026-04-18 04:03:51
226,Bookshelf,Furniture,view,2026-04-18 04:09:40
394,Leather Belt,Accessories,purchase,2026-04-18 04:12:28
252,Gym Bag,Sportswear,view,2026-04-18 04:18:50
364,Redmi Note 13,Mobile,add_to_cart,2026-04-18 04:30:31
244,Redmi Note 13,Mobile,click,2026-04-18 04:40:37
127,Tech Backpack,Accessories,add_to_cart,2026-04-18 04:44:43
194,Hydrating Serum,Cosmetics,view,2026-04-18 04:44:55
448,Matte Lipstick,Cosmetics,click,2026-04-18 04:48:22
228,Slim Fit Jeans,Clothes,click,2026-04-18 04:58:49
443,990v6,Shoes,click,2026-04-18 05:09:56
63,Apple Watch S9,Watches,view,2026-04-18 05:20:52
260,OnePlus 12,Mobile,click,2026-04-18 05:30:31
204,Oxford Shirt,Clothes,add_to_cart,2026-04-18 05:43:57
109,Stand Mixer,Kitchenware,click,2026-04-18 05:55:59
100,Windbreaker,Sportswear,click,2026-04-18 06:17:36
206,Matte Lipstick,Cosmetics,view,2026-04-18 06:32:22
346,Yoga Pants,Sportswear,add_to_cart,2026-04-18 07:00:04
110,Wayfarer,Accessories,add_to_cart,2026-04-18 07:00:16
319,Pressure Cooker,Kitchenware,add_to_cart,2026-04-18 07:03:03
372,Galaxy S24 Ultra,Mobile,view,2026-04-18 07:13:28
174,Sunscreen 50+,Cosmetics,click,2026-04-18 07:15:05
304,Sunscreen 50+,Cosmetics,view,2026-04-18 07:25:54
471,Slim Fit Jeans,Clothes,click,2026-04-18 07:26:34
94,Seamaster,Watches,click,2026-04-18 07:28:45
316,Submariner,Watches,view,2026-04-18 07:35:27
14,Pavilion 15,Computer,add_to_cart,2026-04-18 08:02:49
280,Surface Laptop 5,Computer,click,2026-04-18 08:16:11
329,Seiko 5 Sport,Watches,click,2026-04-18 08:46:22
114,1984,Books,view,2026-04-18 08:48:38
246,Atomic Habits,Books,view,2026-04-18 08:51:08
234,Queen Bed,Furniture,click,2026-04-18 08:53:11
85,Wayfarer,Accessories,view,2026-04-18 09:23:30
240,Nothing Phone 2,Mobile,view,2026-04-18 09:30:43
39,Compression Tights,Sportswear,click,2026-04-18 09:31:11
186,Capsule Umberella,Accessories,add_to_cart,2026-04-18 09:55:41
463,Sunscreen 50+,Cosmetics,view,2026-04-18 10:07:48
66,Tracksuit,Sportswear,click,2026-04-18 10:16:57
117,Sports Bra,Sportswear,view,2026-04-18 10:19:44
182,Pavilion 15,Computer,view,2026-04-18 10:46:18
147,Silver Ring,Accessories,view,2026-04-18 10:54:58
285,Dri-FIT Tee,Sportswear,view,2026-04-18 10:55:40
484,Foundation Pro,Cosmetics,view,2026-04-18 11:12:20
39,Sports Bra,Sportswear,add_to_cart,2026-04-18 11:24:53
87,Naked Palette,Cosmetics,view,2026-04-18 11:26:49
288,Denim Jacket,Clothes,view,2026-04-18 11:29:06
11,Hoodie,Clothes,click,2026-04-18 11:38:54
452,Capsule Umberella,Accessories,add_to_cart,2026-04-18 11:45:35
324,Seiko 5 Sport,Watches,view,2026-04-18 12:24:21
288,Hoodie,Clothes,click,2026-04-18 12:31:08
152,Yoga Pants,Sportswear,add_to_cart,2026-04-18 12:33:51
358,Harry Potter 1,Books,view,2026-04-18 13:27:46
381,G-Shock DW5600,Watches,add_to_cart,2026-04-18 13:46:29
385,Denim Jacket,Clothes,view,2026-04-18 13:48:45
382,Modern Sofa,Furniture,click,2026-04-18 13:52:57
458,Winter Parka,Clothes,view,2026-04-18 13:53:19
379,Cargo Pants,Clothes,add_to_cart,2026-04-18 14:02:08
17,Modern Sofa,Furniture,click,2026-04-18 14:20:45
455,1984,Books,view,2026-04-18 14:27:27
248,Clean Code,Books,view,2026-04-18 14:33:17
375,Cloud 5,Shoes,view,2026-04-18 14:34:39
45,Dune,Books,click,2026-04-18 14:46:06
115,Chuck 70,Shoes,view,2026-04-18 14:49:00
483,Gym Bag,Sportswear,view,2026-04-18 15:10:00
225,Submariner,Watches,view,2026-04-18 15:14:54
196,Yoga Pants,Sportswear,view,2026-04-18 15:17:52
126,Dune,Books,click,2026-04-18 15:33:30
362,G-Shock DW5600,Watches,view,2026-04-18 15:50:57
412,Clean Code,Books,view,2026-04-18 15:53:47
288,Classic White Tee,Clothes,view,2026-04-18 16:03:02
154,ErgoChair,Furniture,click,2026-04-18 16:03:20
1,Hydrating Serum,Cosmetics,purchase,2026-04-18 16:08:22
288,G-Shock DW5600,Watches,click,2026-04-18 17:05:05
466,Steve Jobs,Books,click,2026-04-18 17:21:07
71,Yoga Pants,Sportswear,view,2026-04-18 18:09:29
380,Cast Iron Skillet,Kitchenware,add_to_cart,2026-04-18 18:14:27
33,Stand Mixer,Kitchenware,add_to_cart,2026-04-18 18:14:41
161,Queen Bed,Furniture,view,2026-04-18 18:16:30
69,OnePlus 12,Mobile,view,2026-04-18 18:16:42
80,Coffee Table,Furniture,view,2026-04-18 18:33:42
201,iPhone 15 Pro,Mobile,view,2026-04-18 18:35:46
170,XPS 13,Computer,view,2026-04-18 18:52:23
340,Toaster,Kitchenware,view,2026-04-18 19:19:22
204,Clean Code,Books,click,2026-04-18 19:20:16
122,ROG Zephyrus G14,Computer,view,2026-04-18 19:49:29
333,Stand Mixer,Kitchenware,view,2026-04-18 20:08:26
293,Blender,Kitchenware,view,2026-04-18 20:09:15
26,Gym Bag,Sportswear,view,2026-04-18 20:13:56
472,Queen Bed,Furniture,view,2026-04-18 20:17:22
241,Foundation Pro,Cosmetics,view,2026-04-18 20:17:32
276,Cargo Pants,Clothes,click,2026-04-18 20:24:20
447,Desk Lamp,Furniture,click,2026-04-18 20:34:22
287,ROG Zephyrus G14,Computer,click,2026-04-18 20:58:55
173,Oxford Shirt,Clothes,add_to_cart,2026-04-18 21:14:32
443,Surface Laptop 5,Computer,view,2026-04-18 21:20:54
274,Pixel 8 Pro,Mobile,click,2026-04-18 21:24:28
13,Coffee Table,Furniture,view,2026-04-18 21:39:16
248,1984,Books,click,2026-04-18 21:59:24
296,Gym Bag,Sportswear,purchase,2026-04-18 22:39:36
76,ThinkPad X1 Carbon,Computer,add_to_cart,2026-04-18 22:40:45
272,Modern Sofa,Furniture,click,2026-04-18 22:45:44
6,1984,Books,view,2026-04-18 22:47:56
109,Nothing Phone 2,Mobile,view,2026-04-18 23:13:53
107,Winter Parka,Clothes,click,2026-04-18 23:55:13
34,Oxford Shirt,Clothes,view,2026-04-19 00:01:38
305,Vivobook S,Computer,click,2026-04-19 00:03:02
496,Tracksuit,Sportswear,click,2026-04-19 00:14:01
176,Chef's Knife,Kitchenware,view,2026-04-19 00:25:41
104,iPhone 15 Pro,Mobile,view,2026-04-19 00:26:55
132,Capsule Umberella,Accessories,click,2026-04-19 00:32:59
41,Silk Scarf,Clothes,view,2026-04-19 00:47:27
409,Clyde All-Pro,Shoes,view,2026-04-19 01:04:59
444,Tracksuit,Sportswear,add_to_cart,2026-04-19 01:15:40
275,Air Fryer,Kitchenware,view,2026-04-19 01:25:33
415,Razer Blade 15,Computer,view,2026-04-19 01:44:54
457,Modern Sofa,Furniture,add_to_cart,2026-04-19 02:04:11
117,Windbreaker,Sportswear,click,2026-04-19 02:10:54
138,Sports Bra,Sportswear,view,2026-04-19 02:11:59
122,Foundation Pro,Cosmetics,purchase,2026-04-19 02:13:41
479,Hoodie,Clothes,view,2026-04-19 03:03:47
82,1984,Books,add_to_cart,2026-04-19 03:07:15
479,Cargo Pants,Clothes,view,2026-04-19 03:12:03
291,Old Skool,Shoes,purchase,2026-04-19 03:16:14
162,OnePlus 12,Mobile,click,2026-04-19 03:18:21
289,Cast Iron Skillet,Kitchenware,add_to_cart,2026-04-19 03:47:43
332,Surface Laptop 5,Computer,view,2026-04-19 03:47:51
414,Denim Jacket,Clothes,click,2026-04-19 04:07:03
68,990v6,Shoes,add_to_cart,2026-04-19 04:10:49
128,Submariner,Watches,view,2026-04-19 04:23:46
500,Slim Fit Jeans,Clothes,click,2026-04-19 05:05:00
348,ErgoChair,Furniture,purchase,2026-04-19 05:07:43
43,Silver Ring,Accessories,click,2026-04-19 05:12:21
237,Pavilion 15,Computer,click,2026-04-19 05:13:23
212,Denim Jacket,Clothes,view,2026-04-19 05:28:19
224,Silk Scarf,Clothes,view,2026-04-19 05:43:47
235,Queen Bed,Furniture,click,2026-04-19 06:07:52
189,Classic White Tee,Clothes,view,2026-04-19 06:12:39
329,1984,Books,view,2026-04-19 06:13:45
483,Hoodie,Clothes,view,2026-04-19 06:17:37
199,Galaxy S24 Ultra,Mobile,view,2026-04-19 06:21:47
384,OnePlus 12,Mobile,add_to_cart,2026-04-19 06:33:08
96,Queen Bed,Furniture,view,2026-04-19 06:35:47
250,Foundation Pro,Cosmetics,click,2026-04-19 06:51:56
56,The Great Gatsby,Books,add_to_cart,2026-04-19 06:53:38
142,Ultraboost 22,Shoes,click,2026-04-19 06:56:29
235,Tech Backpack,Accessories,click,2026-04-19 07:10:48
323,Perfume No.5,Cosmetics,click,2026-04-19 07:14:26
238,Naked Palette,Cosmetics,click,2026-04-19 07:17:12
230,Foundation Pro,Cosmetics,view,2026-04-19 07:34:38
145,Seiko 5 Sport,Watches,purchase,2026-04-19 07:40:08
472,F91W,Watches,view,2026-04-19 07:42:51
79,ROG Zephyrus G14,Computer,view,2026-04-19 07:45:37
11,Air Fryer,Kitchenware,view,2026-04-19 07:51:25
447,Silver Ring,Accessories,click,2026-04-19 08:12:25
49,Toaster,Kitchenware,view,2026-04-19 08:15:56
351,Chuck 70,Shoes,view,2026-04-19 08:23:45
365,Seiko 5 Sport,Watches,view,2026-04-19 08:39:47
416,Harry Potter 1,Books,view,2026-04-19 08:48:37
158,Silk Scarf,Clothes,add_to_cart,2026-04-19 09:08:02
383,Hydrating Serum,Cosmetics,click,2026-04-19 09:09:45
36,Atomic Habits,Books,add_to_cart,2026-04-19 09:11:24
180,Pavilion 15,Computer,click,2026-04-19 09:14:07
350,Tech Backpack,Accessories,view,2026-04-19 09:14:21
403,Sunscreen 50+,Cosmetics,view,2026-04-19 09:21:30
185,Tech Backpack,Accessories,click,2026-04-19 09:29:56
146,Cargo Pants,Clothes,click,2026-04-19 09:45:23
290,Windbreaker,Sportswear,view,2026-04-19 09:57:18
493,Windbreaker,Sportswear,view,2026-04-19 10:11:13
295,Cloud 5,Shoes,click,2026-04-19 10:32:02
345,Vivobook S,Computer,click,2026-04-19 10:33:49
147,Cloud 5,Shoes,click,2026-04-19 11:18:06
66,Queen Bed,Furniture,view,2026-04-19 11:25:57
368,Pixel 8 Pro,Mobile,click,2026-04-19 12:12:30
56,Sapiens,Books,view,2026-04-19 12:19:04
458,Sports Bra,Sportswear,click,2026-04-19 12:50:12
400,Leather Belt,Accessories,add_to_cart,2026-04-19 12:52:02
191,Silk Tie,Accessories,view,2026-04-19 12:55:35
428,Perfume No.5,Cosmetics,view,2026-04-19 12:55:44
386,Leather Wallet,Accessories,click,2026-04-19 12:57:16
327,Old Skool,Shoes,click,2026-04-19 13:07:14
446,Sports Bra,Sportswear,view,2026-04-19 13:22:02
42,XPS 13,Computer,view,2026-04-19 13:26:16
165,Sheet Mask,Cosmetics,view,2026-04-19 13:27:22
219,Air Fryer,Kitchenware,view,2026-04-19 13:41:58
480,Blender,Kitchenware,click,2026-04-19 13:57:27
280,Pixel 8 Pro,Mobile,click,2026-04-19 14:17:44
50,Hoodie,Clothes,click,2026-04-19 14:21:25
496,Gym Bag,Sportswear,click,2026-04-19 14:50:00
89,Yoga Pants,Sportswear,click,2026-04-19 14:56:46
313,Pressure Cooker,Kitchenware,click,2026-04-19 14:57:20
39,Gym Bag,Sportswear,click,2026-04-19 15:23:45
65,ROG Zephyrus G14,Computer,view,2026-04-19 15:31:40
182,MacBook Air M3,Computer,add_to_cart,2026-04-19 15:37:09
392,Leather Wallet,Accessories,view,2026-04-19 15:56:09
307,Matte Lipstick,Cosmetics,click,2026-04-19 16:07:31
184,Galaxy S24 Ultra,Mobile,view,2026-04-19 16:14:31
365,Tissot Le Locle,Watches,click,2026-04-19 16:47:21
228,Hoodie,Clothes,view,2026-04-19 17:03:37
466,XPS 13,Computer,view,2026-04-19 17:04:04
78,Harry Potter 1,Books,purchase,2026-04-19 17:10:14
320,Queen Bed,Furniture,add_to_cart,2026-04-19 17:11:56
203,Oxford Shirt,Clothes,click,2026-04-19 17:38:40
10,Nothing Phone 2,Mobile,purchase,2026-04-19 17:51:17
144,iPhone 15 Pro,Mobile,add_to_cart,2026-04-19 18:06:16
162,Xperia 1 V,Mobile,view,2026-04-19 18:13:09
